2026-06-04 00:09:53.885 [main] INFO  com.orangehrm.listeners.TestListener - ╔════════════════════════════════════════╗
2026-06-04 00:09:53.913 [main] INFO  com.orangehrm.listeners.TestListener - ║  🚀 BẮT ĐẦU TEST SUITE: Smoke Tests - Kiểm thử nhanh  ║
2026-06-04 00:09:53.915 [main] INFO  com.orangehrm.listeners.TestListener - ╚════════════════════════════════════════╝
2026-06-04 00:09:53.965 [main] INFO  com.orangehrm.utils.ConfigReader - ✅ Đã load cấu hình từ: src/test/resources/config.properties
2026-06-04 00:09:53.966 [main] INFO  com.orangehrm.utils.DriverManager - 🚀 Khởi tạo chrome driver (headless=false)
2026-06-04 00:09:55.492 [main] INFO  com.orangehrm.utils.DriverManager - ✅ Khởi tạo driver thành công
2026-06-04 00:09:55.508 [main] INFO  com.orangehrm.tests.BaseTest - 🔧 Setup hoàn tất - WebDriver đã sẵn sàng
2026-06-04 00:09:55.510 [main] INFO  com.orangehrm.listeners.TestListener - ▶️ Bắt đầu test: [tc_Login_001_loginSuccessWithValidCredentials]
2026-06-04 00:09:55.634 [main] INFO  com.orangehrm.utils.ExtentReportManager - 📊 Đã khởi tạo ExtentReports: reports/OrangeHRM_TestReport_20260604_000955.html
2026-06-04 00:09:55.642 [main] INFO  com.orangehrm.tests.BaseTest - 📋 Mở trang đăng nhập OrangeHRM
2026-06-04 00:09:59.142 [main] INFO  com.orangehrm.pages.BasePage - 🌐 Điều hướng đến: https://opensource-demo.orangehrmlive.com/web/index.php/auth/login
2026-06-04 00:10:01.156 [main] INFO  com.orangehrm.pages.BasePage - 📄 Mở trang đăng nhập OrangeHRM
2026-06-04 00:10:01.157 [main] INFO  com.orangehrm.tests.BaseTest - 📋 Xác nhận trang đăng nhập hiển thị
2026-06-04 00:10:02.210 [main] INFO  com.orangehrm.tests.BaseTest - 📋 Nhập username và password từ config (không hardcode)
2026-06-04 00:10:02.326 [main] INFO  com.orangehrm.pages.BasePage - 👤 Nhập username: Admin
2026-06-04 00:10:02.417 [main] INFO  com.orangehrm.pages.BasePage - 🔐 Nhập password
2026-06-04 00:10:02.418 [main] INFO  com.orangehrm.tests.BaseTest - 📋 Submit đăng nhập, kỳ vọng thành công
2026-06-04 00:10:13.632 [main] INFO  com.orangehrm.pages.BasePage - 🖱️ Click nút Login (expect: success)
2026-06-04 00:10:23.689 [main] INFO  com.orangehrm.tests.BaseTest - 📋 Xác nhận Dashboard hiển thị
2026-06-04 00:10:23.712 [main] INFO  com.orangehrm.tests.BaseTest - ✅ TC_LOGIN_001 PASSED: Đăng nhập Admin thành công
2026-06-04 00:10:23.714 [main] INFO  com.orangehrm.listeners.TestListener - ✅ PASSED: [tc_Login_001_loginSuccessWithValidCredentials] - Thời gian: 28s
2026-06-04 00:10:23.897 [main] INFO  com.orangehrm.utils.DriverManager - ✅ Đã đóng WebDriver
2026-06-04 00:10:23.897 [main] INFO  com.orangehrm.tests.BaseTest - 🧹 Teardown hoàn tất - WebDriver đã đóng
2026-06-04 00:10:23.901 [main] INFO  com.orangehrm.utils.DriverManager - 🚀 Khởi tạo chrome driver (headless=false)
2026-06-04 00:10:24.531 [main] INFO  com.orangehrm.utils.DriverManager - ✅ Khởi tạo driver thành công
2026-06-04 00:10:24.532 [main] INFO  com.orangehrm.tests.BaseTest - 🔧 Setup hoàn tất - WebDriver đã sẵn sàng
2026-06-04 00:10:24.533 [main] INFO  com.orangehrm.listeners.TestListener - ▶️ Bắt đầu test: [tc_Login_005_verifyLoginPageUIElements]
2026-06-04 00:10:24.534 [main] INFO  com.orangehrm.tests.BaseTest - 📋 Mở trang đăng nhập
2026-06-04 00:10:28.588 [main] INFO  com.orangehrm.pages.BasePage - 🌐 Điều hướng đến: https://opensource-demo.orangehrmlive.com/web/index.php/auth/login
2026-06-04 00:10:30.598 [main] INFO  com.orangehrm.pages.BasePage - 📄 Mở trang đăng nhập OrangeHRM
2026-06-04 00:10:30.598 [main] INFO  com.orangehrm.tests.BaseTest - 📋 Xác nhận form đăng nhập hiển thị đầy đủ (username + password + button)
2026-06-04 00:10:31.653 [main] INFO  com.orangehrm.tests.BaseTest - 📋 Xác nhận tiêu đề trang login
2026-06-04 00:10:31.689 [main] INFO  com.orangehrm.tests.BaseTest - ✅ TC_LOGIN_005 PASSED: Trang đăng nhập hiển thị đầy đủ các thành phần UI, tiêu đề: Ingresar
2026-06-04 00:10:31.690 [main] INFO  com.orangehrm.listeners.TestListener - ✅ PASSED: [tc_Login_005_verifyLoginPageUIElements] - Thời gian: 7s
2026-06-04 00:10:31.845 [main] INFO  com.orangehrm.utils.DriverManager - ✅ Đã đóng WebDriver
2026-06-04 00:10:31.845 [main] INFO  com.orangehrm.tests.BaseTest - 🧹 Teardown hoàn tất - WebDriver đã đóng
2026-06-04 00:10:31.846 [main] INFO  com.orangehrm.utils.DriverManager - 🚀 Khởi tạo chrome driver (headless=false)
2026-06-04 00:10:32.478 [main] INFO  com.orangehrm.utils.DriverManager - ✅ Khởi tạo driver thành công
2026-06-04 00:10:32.479 [main] INFO  com.orangehrm.tests.BaseTest - 🔧 Setup hoàn tất - WebDriver đã sẵn sàng
2026-06-04 00:10:32.480 [main] INFO  com.orangehrm.listeners.TestListener - ▶️ Bắt đầu test: [tc_Login_007_logoutSuccessfully]
2026-06-04 00:10:32.481 [main] INFO  com.orangehrm.tests.BaseTest - 📋 Đăng nhập với tài khoản Admin từ config
2026-06-04 00:10:35.499 [main] INFO  com.orangehrm.pages.BasePage - 🌐 Điều hướng đến: https://opensource-demo.orangehrmlive.com/web/index.php/auth/login
2026-06-04 00:10:37.511 [main] INFO  com.orangehrm.pages.BasePage - 📄 Mở trang đăng nhập OrangeHRM
2026-06-04 00:10:37.609 [main] INFO  com.orangehrm.pages.BasePage - 👤 Nhập username: Admin
2026-06-04 00:10:37.707 [main] INFO  com.orangehrm.pages.BasePage - 🔐 Nhập password
2026-06-04 00:10:48.891 [main] INFO  com.orangehrm.pages.BasePage - 🖱️ Click nút Login (expect: success)
2026-06-04 00:10:58.917 [main] INFO  com.orangehrm.tests.BaseTest - 📋 Xác nhận đang ở Dashboard
2026-06-04 00:10:58.935 [main] INFO  com.orangehrm.tests.BaseTest - 📋 Thực hiện đăng xuất
2026-06-04 00:11:09.981 [main] INFO  com.orangehrm.pages.BasePage - 🚪 Đã đăng xuất
2026-06-04 00:11:09.981 [main] INFO  com.orangehrm.tests.BaseTest - 📋 Xác nhận đã quay về trang đăng nhập
2026-06-04 00:11:11.015 [main] INFO  com.orangehrm.tests.BaseTest - ✅ TC_LOGIN_007 PASSED: Đăng xuất thành công
2026-06-04 00:11:11.016 [main] INFO  com.orangehrm.listeners.TestListener - ✅ PASSED: [tc_Login_007_logoutSuccessfully] - Thời gian: 38s
2026-06-04 00:11:11.204 [main] INFO  com.orangehrm.utils.DriverManager - ✅ Đã đóng WebDriver
2026-06-04 00:11:11.204 [main] INFO  com.orangehrm.tests.BaseTest - 🧹 Teardown hoàn tất - WebDriver đã đóng
2026-06-04 00:11:11.207 [main] INFO  com.orangehrm.utils.DriverManager - 🚀 Khởi tạo chrome driver (headless=false)
2026-06-04 00:11:11.836 [main] INFO  com.orangehrm.utils.DriverManager - ✅ Khởi tạo driver thành công
2026-06-04 00:11:11.837 [main] INFO  com.orangehrm.tests.BaseTest - 🔧 Setup hoàn tất - WebDriver đã sẵn sàng
2026-06-04 00:11:15.092 [main] INFO  com.orangehrm.pages.BasePage - 🌐 Điều hướng đến: https://opensource-demo.orangehrmlive.com/web/index.php/auth/login
2026-06-04 00:11:17.106 [main] INFO  com.orangehrm.pages.BasePage - 📄 Mở trang đăng nhập OrangeHRM
2026-06-04 00:11:17.187 [main] INFO  com.orangehrm.pages.BasePage - 👤 Nhập username: Admin
2026-06-04 00:11:17.277 [main] INFO  com.orangehrm.pages.BasePage - 🔐 Nhập password
2026-06-04 00:11:28.461 [main] INFO  com.orangehrm.pages.BasePage - 🖱️ Click nút Login (expect: success)
2026-06-04 00:11:38.517 [main] INFO  com.orangehrm.listeners.TestListener - ▶️ Bắt đầu test: [tc_Dash_001_dashboardDisplayedAfterLogin]
2026-06-04 00:11:38.518 [main] INFO  com.orangehrm.tests.BaseTest - 📋 Xác nhận URL chứa 'dashboard'
2026-06-04 00:11:38.523 [main] INFO  com.orangehrm.tests.BaseTest - ✅ TC_DASH_001 PASSED: Dashboard hiển thị đúng
2026-06-04 00:11:38.523 [main] INFO  com.orangehrm.listeners.TestListener - ✅ PASSED: [tc_Dash_001_dashboardDisplayedAfterLogin] - Thời gian: 0s
2026-06-04 00:11:38.695 [main] INFO  com.orangehrm.utils.DriverManager - ✅ Đã đóng WebDriver
2026-06-04 00:11:38.695 [main] INFO  com.orangehrm.tests.BaseTest - 🧹 Teardown hoàn tất - WebDriver đã đóng
2026-06-04 00:11:38.696 [main] INFO  com.orangehrm.utils.DriverManager - 🚀 Khởi tạo chrome driver (headless=false)
2026-06-04 00:11:39.380 [main] INFO  com.orangehrm.utils.DriverManager - ✅ Khởi tạo driver thành công
2026-06-04 00:11:39.381 [main] INFO  com.orangehrm.tests.BaseTest - 🔧 Setup hoàn tất - WebDriver đã sẵn sàng
2026-06-04 00:11:42.465 [main] INFO  com.orangehrm.pages.BasePage - 🌐 Điều hướng đến: https://opensource-demo.orangehrmlive.com/web/index.php/auth/login
2026-06-04 00:11:44.476 [main] INFO  com.orangehrm.pages.BasePage - 📄 Mở trang đăng nhập OrangeHRM
2026-06-04 00:11:44.566 [main] INFO  com.orangehrm.pages.BasePage - 👤 Nhập username: Admin
2026-06-04 00:11:44.650 [main] INFO  com.orangehrm.pages.BasePage - 🔐 Nhập password
2026-06-04 00:11:55.920 [main] INFO  com.orangehrm.pages.BasePage - 🖱️ Click nút Login (expect: success)
2026-06-04 00:12:05.984 [main] INFO  com.orangehrm.listeners.TestListener - ▶️ Bắt đầu test: [tc_Dash_002_adminUsernameDisplayed]
2026-06-04 00:12:05.985 [main] INFO  com.orangehrm.tests.BaseTest - 📋 Lấy tên người dùng hiển thị trên thanh menu
2026-06-04 00:12:06.017 [main] INFO  com.orangehrm.tests.BaseTest - 📋 Xác nhận tên người dùng không rỗng
2026-06-04 00:12:06.018 [main] INFO  com.orangehrm.tests.BaseTest - ✅ TC_DASH_002 PASSED: Tên người dùng hiển thị: Orange Test
2026-06-04 00:12:06.019 [main] INFO  com.orangehrm.listeners.TestListener - ✅ PASSED: [tc_Dash_002_adminUsernameDisplayed] - Thời gian: 0s
2026-06-04 00:12:06.180 [main] INFO  com.orangehrm.utils.DriverManager - ✅ Đã đóng WebDriver
2026-06-04 00:12:06.181 [main] INFO  com.orangehrm.tests.BaseTest - 🧹 Teardown hoàn tất - WebDriver đã đóng
2026-06-04 00:12:06.181 [main] INFO  com.orangehrm.utils.DriverManager - 🚀 Khởi tạo chrome driver (headless=false)
2026-06-04 00:12:06.777 [main] INFO  com.orangehrm.utils.DriverManager - ✅ Khởi tạo driver thành công
2026-06-04 00:12:06.778 [main] INFO  com.orangehrm.tests.BaseTest - 🔧 Setup hoàn tất - WebDriver đã sẵn sàng
2026-06-04 00:12:10.196 [main] INFO  com.orangehrm.pages.BasePage - 🌐 Điều hướng đến: https://opensource-demo.orangehrmlive.com/web/index.php/auth/login
2026-06-04 00:12:12.206 [main] INFO  com.orangehrm.pages.BasePage - 📄 Mở trang đăng nhập OrangeHRM
2026-06-04 00:12:12.285 [main] INFO  com.orangehrm.pages.BasePage - 👤 Nhập username: Admin
2026-06-04 00:12:12.379 [main] INFO  com.orangehrm.pages.BasePage - 🔐 Nhập password
2026-06-04 00:12:23.583 [main] INFO  com.orangehrm.pages.BasePage - 🖱️ Click nút Login (expect: success)
2026-06-04 00:12:33.640 [main] INFO  com.orangehrm.listeners.TestListener - ▶️ Bắt đầu test: [tc_Dash_003_navigationMenuDisplayed]
2026-06-04 00:12:33.641 [main] INFO  com.orangehrm.tests.BaseTest - 📋 Kiểm tra menu Admin hiển thị
2026-06-04 00:12:33.749 [main] ERROR com.orangehrm.listeners.TestListener - ❌ FAILED: [tc_Dash_003_navigationMenuDisplayed]
2026-06-04 00:12:33.750 [main] ERROR com.orangehrm.listeners.TestListener -    Lý do: Menu Admin không hiển thị expected [true] but found [false]
2026-06-04 00:12:34.026 [main] INFO  com.orangehrm.utils.DriverManager - ✅ Đã đóng WebDriver
2026-06-04 00:12:34.026 [main] INFO  com.orangehrm.tests.BaseTest - 🧹 Teardown hoàn tất - WebDriver đã đóng
2026-06-04 00:12:34.027 [main] INFO  com.orangehrm.utils.DriverManager - 🚀 Khởi tạo chrome driver (headless=false)
2026-06-04 00:12:34.621 [main] INFO  com.orangehrm.utils.DriverManager - ✅ Khởi tạo driver thành công
2026-06-04 00:12:34.622 [main] INFO  com.orangehrm.tests.BaseTest - 🔧 Setup hoàn tất - WebDriver đã sẵn sàng
2026-06-04 00:12:37.652 [main] INFO  com.orangehrm.pages.BasePage - 🌐 Điều hướng đến: https://opensource-demo.orangehrmlive.com/web/index.php/auth/login
2026-06-04 00:12:39.663 [main] INFO  com.orangehrm.pages.BasePage - 📄 Mở trang đăng nhập OrangeHRM
2026-06-04 00:12:39.737 [main] INFO  com.orangehrm.pages.BasePage - 👤 Nhập username: Admin
2026-06-04 00:12:39.876 [main] INFO  com.orangehrm.pages.BasePage - 🔐 Nhập password
2026-06-04 00:12:51.076 [main] INFO  com.orangehrm.pages.BasePage - 🖱️ Click nút Login (expect: success)
2026-06-04 00:13:01.153 [main] INFO  com.orangehrm.listeners.TestListener - ▶️ Bắt đầu test: [tc_Emp_001_viewEmployeeList]
2026-06-04 00:13:01.154 [main] INFO  com.orangehrm.tests.BaseTest - 📋 Điều hướng đến module PIM - Danh sách nhân viên
2026-06-04 00:13:01.597 [main] INFO  com.orangehrm.pages.BasePage - 📌 Điều hướng đến module PIM
2026-06-04 00:13:13.602 [main] INFO  com.orangehrm.tests.BaseTest - 📋 Xác nhận trang danh sách nhân viên hiển thị
2026-06-04 00:13:13.607 [main] INFO  com.orangehrm.tests.BaseTest - 📋 Kiểm tra số lượng nhân viên > 0
2026-06-04 00:13:13.619 [main] INFO  com.orangehrm.tests.BaseTest - ✅ TC_EMP_001 PASSED: Danh sách hiển thị 50 nhân viên
2026-06-04 00:13:13.619 [main] INFO  com.orangehrm.listeners.TestListener - ✅ PASSED: [tc_Emp_001_viewEmployeeList] - Thời gian: 12s
2026-06-04 00:13:13.798 [main] INFO  com.orangehrm.utils.DriverManager - ✅ Đã đóng WebDriver
2026-06-04 00:13:13.799 [main] INFO  com.orangehrm.tests.BaseTest - 🧹 Teardown hoàn tất - WebDriver đã đóng
2026-06-04 00:13:13.800 [main] INFO  com.orangehrm.utils.DriverManager - 🚀 Khởi tạo chrome driver (headless=false)
2026-06-04 00:13:14.427 [main] INFO  com.orangehrm.utils.DriverManager - ✅ Khởi tạo driver thành công
2026-06-04 00:13:14.428 [main] INFO  com.orangehrm.tests.BaseTest - 🔧 Setup hoàn tất - WebDriver đã sẵn sàng
2026-06-04 00:13:18.379 [main] INFO  com.orangehrm.pages.BasePage - 🌐 Điều hướng đến: https://opensource-demo.orangehrmlive.com/web/index.php/auth/login
2026-06-04 00:13:20.390 [main] INFO  com.orangehrm.pages.BasePage - 📄 Mở trang đăng nhập OrangeHRM
2026-06-04 00:13:20.466 [main] INFO  com.orangehrm.pages.BasePage - 👤 Nhập username: Admin
2026-06-04 00:13:20.629 [main] INFO  com.orangehrm.pages.BasePage - 🔐 Nhập password
2026-06-04 00:13:31.930 [main] INFO  com.orangehrm.pages.BasePage - 🖱️ Click nút Login (expect: success)
2026-06-04 00:13:42.426 [main] INFO  com.orangehrm.pages.BasePage - 📌 Điều hướng đến module Admin
2026-06-04 00:13:54.154 [main] INFO  com.orangehrm.listeners.TestListener - ▶️ Bắt đầu test: [tc_Admin_001_accessAdminModule]
2026-06-04 00:13:54.155 [main] INFO  com.orangehrm.tests.BaseTest - 📋 Xác nhận module Admin đã mở
2026-06-04 00:13:54.159 [main] INFO  com.orangehrm.tests.BaseTest - ✅ TC_ADMIN_001 PASSED: Module Admin truy cập thành công
2026-06-04 00:13:54.159 [main] INFO  com.orangehrm.listeners.TestListener - ✅ PASSED: [tc_Admin_001_accessAdminModule] - Thời gian: 0s
2026-06-04 00:13:54.320 [main] INFO  com.orangehrm.utils.DriverManager - ✅ Đã đóng WebDriver
2026-06-04 00:13:54.320 [main] INFO  com.orangehrm.tests.BaseTest - 🧹 Teardown hoàn tất - WebDriver đã đóng
2026-06-04 00:13:54.321 [main] INFO  com.orangehrm.utils.DriverManager - 🚀 Khởi tạo chrome driver (headless=false)
2026-06-04 00:13:54.930 [main] INFO  com.orangehrm.utils.DriverManager - ✅ Khởi tạo driver thành công
2026-06-04 00:13:54.931 [main] INFO  com.orangehrm.tests.BaseTest - 🔧 Setup hoàn tất - WebDriver đã sẵn sàng
2026-06-04 00:13:57.983 [main] INFO  com.orangehrm.pages.BasePage - 🌐 Điều hướng đến: https://opensource-demo.orangehrmlive.com/web/index.php/auth/login
2026-06-04 00:13:59.992 [main] INFO  com.orangehrm.pages.BasePage - 📄 Mở trang đăng nhập OrangeHRM
2026-06-04 00:14:00.075 [main] INFO  com.orangehrm.pages.BasePage - 👤 Nhập username: Admin
2026-06-04 00:14:00.165 [main] INFO  com.orangehrm.pages.BasePage - 🔐 Nhập password
2026-06-04 00:14:11.343 [main] INFO  com.orangehrm.pages.BasePage - 🖱️ Click nút Login (expect: success)
2026-06-04 00:14:21.841 [main] INFO  com.orangehrm.pages.BasePage - 📌 Điều hướng đến module Leave
2026-06-04 00:14:34.010 [main] INFO  com.orangehrm.listeners.TestListener - ▶️ Bắt đầu test: [tc_Leave_001_accessLeaveModule]
2026-06-04 00:14:34.010 [main] INFO  com.orangehrm.tests.BaseTest - 📋 Xác nhận trang Leave List hiển thị
2026-06-04 00:14:34.015 [main] INFO  com.orangehrm.tests.BaseTest - ✅ TC_LEAVE_001 PASSED: Truy cập module Leave thành công
2026-06-04 00:14:34.015 [main] INFO  com.orangehrm.listeners.TestListener - ✅ PASSED: [tc_Leave_001_accessLeaveModule] - Thời gian: 0s
2026-06-04 00:14:34.175 [main] INFO  com.orangehrm.utils.DriverManager - ✅ Đã đóng WebDriver
2026-06-04 00:14:34.175 [main] INFO  com.orangehrm.tests.BaseTest - 🧹 Teardown hoàn tất - WebDriver đã đóng
2026-06-04 00:14:34.190 [main] INFO  com.orangehrm.listeners.TestListener - ╔════════════════════════════════════════╗
2026-06-04 00:14:34.190 [main] INFO  com.orangehrm.listeners.TestListener - ║           📊 KẾT QUẢ TEST SUITE        ║
2026-06-04 00:14:34.190 [main] INFO  com.orangehrm.listeners.TestListener - ╠════════════════════════════════════════╣
2026-06-04 00:14:34.190 [main] INFO  com.orangehrm.listeners.TestListener - ║  Tổng số test  : {:3d}                   ║
2026-06-04 00:14:34.190 [main] INFO  com.orangehrm.listeners.TestListener - ║  ✅ Passed      : {:3d}                   ║
2026-06-04 00:14:34.190 [main] INFO  com.orangehrm.listeners.TestListener - ║  ❌ Failed      : {:3d}                   ║
2026-06-04 00:14:34.191 [main] INFO  com.orangehrm.listeners.TestListener - ║  ⏭️ Skipped     : {:3d}                   ║
2026-06-04 00:14:34.191 [main] INFO  com.orangehrm.listeners.TestListener - ╚════════════════════════════════════════╝
2026-06-04 00:14:34.379 [main] INFO  com.orangehrm.utils.ExtentReportManager - 📊 Đã xuất báo cáo HTML
2026-06-04 00:14:34.382 [main] INFO  com.orangehrm.listeners.TestListener - ╔════════════════════════════════════════╗
2026-06-04 00:14:34.383 [main] INFO  com.orangehrm.listeners.TestListener - ║  🚀 BẮT ĐẦU TEST SUITE: Regression Tests - Kiểm thử hồi quy  ║
2026-06-04 00:14:34.383 [main] INFO  com.orangehrm.listeners.TestListener - ╚════════════════════════════════════════╝
2026-06-04 00:14:34.385 [main] INFO  com.orangehrm.utils.DriverManager - 🚀 Khởi tạo chrome driver (headless=false)
2026-06-04 00:14:35.025 [main] INFO  com.orangehrm.utils.DriverManager - ✅ Khởi tạo driver thành công
2026-06-04 00:14:35.025 [main] INFO  com.orangehrm.tests.BaseTest - 🔧 Setup hoàn tất - WebDriver đã sẵn sàng
2026-06-04 00:14:35.026 [main] INFO  com.orangehrm.listeners.TestListener - ▶️ Bắt đầu test: [tc_Login_001_loginSuccessWithValidCredentials]
2026-06-04 00:14:35.027 [main] INFO  com.orangehrm.tests.BaseTest - 📋 Mở trang đăng nhập OrangeHRM
2026-06-04 00:14:38.351 [main] INFO  com.orangehrm.pages.BasePage - 🌐 Điều hướng đến: https://opensource-demo.orangehrmlive.com/web/index.php/auth/login
2026-06-04 00:14:40.362 [main] INFO  com.orangehrm.pages.BasePage - 📄 Mở trang đăng nhập OrangeHRM
2026-06-04 00:14:40.362 [main] INFO  com.orangehrm.tests.BaseTest - 📋 Xác nhận trang đăng nhập hiển thị
2026-06-04 00:14:41.414 [main] INFO  com.orangehrm.tests.BaseTest - 📋 Nhập username và password từ config (không hardcode)
2026-06-04 00:14:41.523 [main] INFO  com.orangehrm.pages.BasePage - 👤 Nhập username: Admin
2026-06-04 00:14:41.616 [main] INFO  com.orangehrm.pages.BasePage - 🔐 Nhập password
2026-06-04 00:14:41.616 [main] INFO  com.orangehrm.tests.BaseTest - 📋 Submit đăng nhập, kỳ vọng thành công
2026-06-04 00:14:52.817 [main] INFO  com.orangehrm.pages.BasePage - 🖱️ Click nút Login (expect: success)
2026-06-04 00:15:02.864 [main] INFO  com.orangehrm.tests.BaseTest - 📋 Xác nhận Dashboard hiển thị
2026-06-04 00:15:02.882 [main] INFO  com.orangehrm.tests.BaseTest - ✅ TC_LOGIN_001 PASSED: Đăng nhập Admin thành công
2026-06-04 00:15:02.883 [main] INFO  com.orangehrm.listeners.TestListener - ✅ PASSED: [tc_Login_001_loginSuccessWithValidCredentials] - Thời gian: 27s
2026-06-04 00:15:03.063 [main] INFO  com.orangehrm.utils.DriverManager - ✅ Đã đóng WebDriver
2026-06-04 00:15:03.063 [main] INFO  com.orangehrm.tests.BaseTest - 🧹 Teardown hoàn tất - WebDriver đã đóng
2026-06-04 00:15:03.064 [main] INFO  com.orangehrm.utils.DriverManager - 🚀 Khởi tạo chrome driver (headless=false)
2026-06-04 00:15:03.677 [main] INFO  com.orangehrm.utils.DriverManager - ✅ Khởi tạo driver thành công
2026-06-04 00:15:03.678 [main] INFO  com.orangehrm.tests.BaseTest - 🔧 Setup hoàn tất - WebDriver đã sẵn sàng
2026-06-04 00:15:03.678 [main] INFO  com.orangehrm.listeners.TestListener - ▶️ Bắt đầu test: [tc_Login_002_loginFailWithWrongPassword]
2026-06-04 00:15:03.679 [main] INFO  com.orangehrm.tests.BaseTest - 📋 Đăng nhập với đúng username nhưng sai password
2026-06-04 00:15:06.909 [main] INFO  com.orangehrm.pages.BasePage - 🌐 Điều hướng đến: https://opensource-demo.orangehrmlive.com/web/index.php/auth/login
2026-06-04 00:15:08.923 [main] INFO  com.orangehrm.pages.BasePage - 📄 Mở trang đăng nhập OrangeHRM
2026-06-04 00:15:09.015 [main] INFO  com.orangehrm.pages.BasePage - 👤 Nhập username: Admin
2026-06-04 00:15:09.109 [main] INFO  com.orangehrm.pages.BasePage - 🔐 Nhập password
2026-06-04 00:15:10.671 [main] INFO  com.orangehrm.pages.BasePage - 🖱️ Click nút Login (expect: fail)
2026-06-04 00:15:10.671 [main] INFO  com.orangehrm.tests.BaseTest - 📋 Xác nhận thông báo lỗi xuất hiện
2026-06-04 00:15:10.688 [main] INFO  com.orangehrm.tests.BaseTest - 📋 Kiểm tra nội dung thông báo lỗi
2026-06-04 00:15:10.719 [main] INFO  com.orangehrm.tests.BaseTest - ✅ TC_LOGIN_002 PASSED: Hệ thống hiển thị lỗi khi mật khẩu sai
2026-06-04 00:15:10.719 [main] INFO  com.orangehrm.listeners.TestListener - ✅ PASSED: [tc_Login_002_loginFailWithWrongPassword] - Thời gian: 7s
2026-06-04 00:15:10.851 [main] INFO  com.orangehrm.utils.DriverManager - ✅ Đã đóng WebDriver
2026-06-04 00:15:10.851 [main] INFO  com.orangehrm.tests.BaseTest - 🧹 Teardown hoàn tất - WebDriver đã đóng
2026-06-04 00:15:10.852 [main] INFO  com.orangehrm.utils.DriverManager - 🚀 Khởi tạo chrome driver (headless=false)
2026-06-04 00:15:11.467 [main] INFO  com.orangehrm.utils.DriverManager - ✅ Khởi tạo driver thành công
2026-06-04 00:15:11.467 [main] INFO  com.orangehrm.tests.BaseTest - 🔧 Setup hoàn tất - WebDriver đã sẵn sàng
2026-06-04 00:15:11.468 [main] INFO  com.orangehrm.listeners.TestListener - ▶️ Bắt đầu test: [tc_Login_003_loginFailWithInvalidUsername]
2026-06-04 00:15:11.469 [main] INFO  com.orangehrm.tests.BaseTest - 📋 Đăng nhập với username không tồn tại trong hệ thống
2026-06-04 00:15:14.952 [main] INFO  com.orangehrm.pages.BasePage - 🌐 Điều hướng đến: https://opensource-demo.orangehrmlive.com/web/index.php/auth/login
2026-06-04 00:15:16.956 [main] INFO  com.orangehrm.pages.BasePage - 📄 Mở trang đăng nhập OrangeHRM
2026-06-04 00:15:17.039 [main] INFO  com.orangehrm.pages.BasePage - 👤 Nhập username: InvalidUser_XYZ_999
2026-06-04 00:15:17.127 [main] INFO  com.orangehrm.pages.BasePage - 🔐 Nhập password
2026-06-04 00:15:18.656 [main] INFO  com.orangehrm.pages.BasePage - 🖱️ Click nút Login (expect: fail)
2026-06-04 00:15:18.657 [main] INFO  com.orangehrm.tests.BaseTest - 📋 Xác nhận thông báo lỗi xuất hiện
2026-06-04 00:15:18.708 [main] INFO  com.orangehrm.tests.BaseTest - ✅ TC_LOGIN_003 PASSED: Hệ thống từ chối username không hợp lệ
2026-06-04 00:15:18.708 [main] INFO  com.orangehrm.listeners.TestListener - ✅ PASSED: [tc_Login_003_loginFailWithInvalidUsername] - Thời gian: 7s
2026-06-04 00:15:18.864 [main] INFO  com.orangehrm.utils.DriverManager - ✅ Đã đóng WebDriver
2026-06-04 00:15:18.864 [main] INFO  com.orangehrm.tests.BaseTest - 🧹 Teardown hoàn tất - WebDriver đã đóng
2026-06-04 00:15:18.865 [main] INFO  com.orangehrm.utils.DriverManager - 🚀 Khởi tạo chrome driver (headless=false)
2026-06-04 00:15:19.501 [main] INFO  com.orangehrm.utils.DriverManager - ✅ Khởi tạo driver thành công
2026-06-04 00:15:19.502 [main] INFO  com.orangehrm.tests.BaseTest - 🔧 Setup hoàn tất - WebDriver đã sẵn sàng
2026-06-04 00:15:19.502 [main] INFO  com.orangehrm.listeners.TestListener - ▶️ Bắt đầu test: [tc_Login_004_loginWithEmptyCredentials]
2026-06-04 00:15:19.503 [main] INFO  com.orangehrm.tests.BaseTest - 📋 Mở trang đăng nhập
2026-06-04 00:15:22.795 [main] INFO  com.orangehrm.pages.BasePage - 🌐 Điều hướng đến: https://opensource-demo.orangehrmlive.com/web/index.php/auth/login
2026-06-04 00:15:24.806 [main] INFO  com.orangehrm.pages.BasePage - 📄 Mở trang đăng nhập OrangeHRM
2026-06-04 00:15:24.806 [main] INFO  com.orangehrm.tests.BaseTest - 📋 Bỏ trống cả username và password, submit thất bại
2026-06-04 00:15:24.873 [main] INFO  com.orangehrm.pages.BasePage - 👤 Nhập username: 
2026-06-04 00:15:24.967 [main] INFO  com.orangehrm.pages.BasePage - 🔐 Nhập password
2026-06-04 00:15:25.082 [main] INFO  com.orangehrm.pages.BasePage - 🖱️ Click nút Login (expect: fail)
2026-06-04 00:15:25.082 [main] INFO  com.orangehrm.tests.BaseTest - 📋 Xác nhận vẫn ở trang đăng nhập (không chuyển sang Dashboard)
2026-06-04 00:15:26.115 [main] INFO  com.orangehrm.tests.BaseTest - ✅ TC_LOGIN_004 PASSED: Hệ thống không cho phép đăng nhập khi thông tin trống
2026-06-04 00:15:26.116 [main] INFO  com.orangehrm.listeners.TestListener - ✅ PASSED: [tc_Login_004_loginWithEmptyCredentials] - Thời gian: 6s
2026-06-04 00:15:26.273 [main] INFO  com.orangehrm.utils.DriverManager - ✅ Đã đóng WebDriver
2026-06-04 00:15:26.273 [main] INFO  com.orangehrm.tests.BaseTest - 🧹 Teardown hoàn tất - WebDriver đã đóng
2026-06-04 00:15:26.274 [main] INFO  com.orangehrm.utils.DriverManager - 🚀 Khởi tạo chrome driver (headless=false)
2026-06-04 00:15:26.896 [main] INFO  com.orangehrm.utils.DriverManager - ✅ Khởi tạo driver thành công
2026-06-04 00:15:26.897 [main] INFO  com.orangehrm.tests.BaseTest - 🔧 Setup hoàn tất - WebDriver đã sẵn sàng
2026-06-04 00:15:26.897 [main] INFO  com.orangehrm.listeners.TestListener - ▶️ Bắt đầu test: [tc_Login_006_loginUsernameIsCaseInsensitive]
2026-06-04 00:15:26.898 [main] INFO  com.orangehrm.tests.BaseTest - 📋 Đăng nhập với username chữ thường 'admin' (OrangeHRM không phân biệt hoa/thường)
2026-06-04 00:15:30.124 [main] INFO  com.orangehrm.pages.BasePage - 🌐 Điều hướng đến: https://opensource-demo.orangehrmlive.com/web/index.php/auth/login
2026-06-04 00:15:32.126 [main] INFO  com.orangehrm.pages.BasePage - 📄 Mở trang đăng nhập OrangeHRM
2026-06-04 00:15:32.212 [main] INFO  com.orangehrm.pages.BasePage - 👤 Nhập username: admin
2026-06-04 00:15:32.325 [main] INFO  com.orangehrm.pages.BasePage - 🔐 Nhập password
2026-06-04 00:15:44.418 [main] INFO  com.orangehrm.pages.BasePage - 🖱️ Click nút Login (expect: success)
2026-06-04 00:15:54.433 [main] INFO  com.orangehrm.tests.BaseTest - 📋 Xác nhận đăng nhập thành công → Dashboard hiển thị
2026-06-04 00:15:54.448 [main] INFO  com.orangehrm.tests.BaseTest - ✅ TC_LOGIN_006 PASSED: Đăng nhập với 'admin' (chữ thường) thành công
2026-06-04 00:15:54.448 [main] INFO  com.orangehrm.listeners.TestListener - ✅ PASSED: [tc_Login_006_loginUsernameIsCaseInsensitive] - Thời gian: 27s
2026-06-04 00:15:54.616 [main] INFO  com.orangehrm.utils.DriverManager - ✅ Đã đóng WebDriver
2026-06-04 00:15:54.616 [main] INFO  com.orangehrm.tests.BaseTest - 🧹 Teardown hoàn tất - WebDriver đã đóng
2026-06-04 00:15:54.617 [main] INFO  com.orangehrm.utils.DriverManager - 🚀 Khởi tạo chrome driver (headless=false)
2026-06-04 00:15:55.227 [main] INFO  com.orangehrm.utils.DriverManager - ✅ Khởi tạo driver thành công
2026-06-04 00:15:55.228 [main] INFO  com.orangehrm.tests.BaseTest - 🔧 Setup hoàn tất - WebDriver đã sẵn sàng
2026-06-04 00:15:55.228 [main] INFO  com.orangehrm.listeners.TestListener - ▶️ Bắt đầu test: [tc_Login_007_logoutSuccessfully]
2026-06-04 00:15:55.229 [main] INFO  com.orangehrm.tests.BaseTest - 📋 Đăng nhập với tài khoản Admin từ config
2026-06-04 00:15:58.470 [main] INFO  com.orangehrm.pages.BasePage - 🌐 Điều hướng đến: https://opensource-demo.orangehrmlive.com/web/index.php/auth/login
2026-06-04 00:16:00.483 [main] INFO  com.orangehrm.pages.BasePage - 📄 Mở trang đăng nhập OrangeHRM
2026-06-04 00:16:00.577 [main] INFO  com.orangehrm.pages.BasePage - 👤 Nhập username: Admin
2026-06-04 00:16:00.676 [main] INFO  com.orangehrm.pages.BasePage - 🔐 Nhập password
2026-06-04 00:16:11.871 [main] INFO  com.orangehrm.pages.BasePage - 🖱️ Click nút Login (expect: success)
2026-06-04 00:16:21.922 [main] INFO  com.orangehrm.tests.BaseTest - 📋 Xác nhận đang ở Dashboard
2026-06-04 00:16:21.938 [main] INFO  com.orangehrm.tests.BaseTest - 📋 Thực hiện đăng xuất
2026-06-04 00:16:32.915 [main] INFO  com.orangehrm.pages.BasePage - 🚪 Đã đăng xuất
2026-06-04 00:16:32.916 [main] INFO  com.orangehrm.tests.BaseTest - 📋 Xác nhận đã quay về trang đăng nhập
2026-06-04 00:16:33.950 [main] INFO  com.orangehrm.tests.BaseTest - ✅ TC_LOGIN_007 PASSED: Đăng xuất thành công
2026-06-04 00:16:33.951 [main] INFO  com.orangehrm.listeners.TestListener - ✅ PASSED: [tc_Login_007_logoutSuccessfully] - Thời gian: 38s
2026-06-04 00:16:34.116 [main] INFO  com.orangehrm.utils.DriverManager - ✅ Đã đóng WebDriver
2026-06-04 00:16:34.116 [main] INFO  com.orangehrm.tests.BaseTest - 🧹 Teardown hoàn tất - WebDriver đã đóng
2026-06-04 00:16:34.117 [main] INFO  com.orangehrm.utils.DriverManager - 🚀 Khởi tạo chrome driver (headless=false)
2026-06-04 00:16:34.724 [main] INFO  com.orangehrm.utils.DriverManager - ✅ Khởi tạo driver thành công
2026-06-04 00:16:34.724 [main] INFO  com.orangehrm.tests.BaseTest - 🔧 Setup hoàn tất - WebDriver đã sẵn sàng
2026-06-04 00:16:34.725 [main] INFO  com.orangehrm.listeners.TestListener - ▶️ Bắt đầu test: [tc_Login_008_accessDashboardWithoutLogin]
2026-06-04 00:16:34.726 [main] INFO  com.orangehrm.tests.BaseTest - 📋 Trực tiếp truy cập URL Dashboard mà không qua đăng nhập
2026-06-04 00:16:38.116 [main] INFO  com.orangehrm.pages.BasePage - 🌐 Điều hướng đến: https://opensource-demo.orangehrmlive.com/web/index.php/auth/login
2026-06-04 00:16:40.124 [main] INFO  com.orangehrm.pages.BasePage - 📄 Mở trang đăng nhập OrangeHRM
2026-06-04 00:16:40.938 [main] INFO  com.orangehrm.pages.BasePage - 🌐 Điều hướng đến: https://opensource-demo.orangehrmlive.com/web/index.php/dashboard/index
2026-06-04 00:16:40.938 [main] INFO  com.orangehrm.tests.BaseTest - 📋 Xác nhận bị redirect về trang đăng nhập
2026-06-04 00:16:40.942 [main] INFO  com.orangehrm.tests.BaseTest - ✅ TC_LOGIN_008 PASSED: Dashboard được bảo vệ, redirect về login đúng cách
2026-06-04 00:16:40.942 [main] INFO  com.orangehrm.listeners.TestListener - ✅ PASSED: [tc_Login_008_accessDashboardWithoutLogin] - Thời gian: 6s
2026-06-04 00:16:41.087 [main] INFO  com.orangehrm.utils.DriverManager - ✅ Đã đóng WebDriver
2026-06-04 00:16:41.087 [main] INFO  com.orangehrm.tests.BaseTest - 🧹 Teardown hoàn tất - WebDriver đã đóng
2026-06-04 00:16:41.088 [main] INFO  com.orangehrm.utils.DriverManager - 🚀 Khởi tạo chrome driver (headless=false)
2026-06-04 00:16:41.693 [main] INFO  com.orangehrm.utils.DriverManager - ✅ Khởi tạo driver thành công
2026-06-04 00:16:41.693 [main] INFO  com.orangehrm.tests.BaseTest - 🔧 Setup hoàn tất - WebDriver đã sẵn sàng
2026-06-04 00:16:44.797 [main] INFO  com.orangehrm.pages.BasePage - 🌐 Điều hướng đến: https://opensource-demo.orangehrmlive.com/web/index.php/auth/login
2026-06-04 00:16:46.799 [main] INFO  com.orangehrm.pages.BasePage - 📄 Mở trang đăng nhập OrangeHRM
2026-06-04 00:16:46.887 [main] INFO  com.orangehrm.pages.BasePage - 👤 Nhập username: Admin
2026-06-04 00:16:46.977 [main] INFO  com.orangehrm.pages.BasePage - 🔐 Nhập password
2026-06-04 00:16:58.207 [main] INFO  com.orangehrm.pages.BasePage - 🖱️ Click nút Login (expect: success)
2026-06-04 00:17:08.277 [main] INFO  com.orangehrm.listeners.TestListener - ▶️ Bắt đầu test: [tc_Dash_003_navigationMenuDisplayed]
2026-06-04 00:17:08.277 [main] INFO  com.orangehrm.tests.BaseTest - 📋 Kiểm tra menu Admin hiển thị
2026-06-04 00:17:08.299 [main] INFO  com.orangehrm.tests.BaseTest - 📋 Kiểm tra menu PIM hiển thị
2026-06-04 00:17:08.321 [main] INFO  com.orangehrm.tests.BaseTest - 📋 Kiểm tra menu Leave hiển thị
2026-06-04 00:17:08.346 [main] INFO  com.orangehrm.tests.BaseTest - 📋 Kiểm tra menu Time hiển thị
2026-06-04 00:17:08.376 [main] INFO  com.orangehrm.tests.BaseTest - ✅ TC_DASH_003 PASSED: Tất cả menu chính hiển thị đầy đủ
2026-06-04 00:17:08.377 [main] INFO  com.orangehrm.listeners.TestListener - ✅ PASSED: [tc_Dash_003_navigationMenuDisplayed] - Thời gian: 0s
2026-06-04 00:17:08.524 [main] INFO  com.orangehrm.utils.DriverManager - ✅ Đã đóng WebDriver
2026-06-04 00:17:08.524 [main] INFO  com.orangehrm.tests.BaseTest - 🧹 Teardown hoàn tất - WebDriver đã đóng
2026-06-04 00:17:08.525 [main] INFO  com.orangehrm.utils.DriverManager - 🚀 Khởi tạo chrome driver (headless=false)
2026-06-04 00:17:09.140 [main] INFO  com.orangehrm.utils.DriverManager - ✅ Khởi tạo driver thành công
2026-06-04 00:17:09.141 [main] INFO  com.orangehrm.tests.BaseTest - 🔧 Setup hoàn tất - WebDriver đã sẵn sàng
2026-06-04 00:17:12.472 [main] INFO  com.orangehrm.pages.BasePage - 🌐 Điều hướng đến: https://opensource-demo.orangehrmlive.com/web/index.php/auth/login
2026-06-04 00:17:14.483 [main] INFO  com.orangehrm.pages.BasePage - 📄 Mở trang đăng nhập OrangeHRM
2026-06-04 00:17:14.566 [main] INFO  com.orangehrm.pages.BasePage - 👤 Nhập username: Admin
2026-06-04 00:17:14.663 [main] INFO  com.orangehrm.pages.BasePage - 🔐 Nhập password
2026-06-04 00:17:29.187 [main] INFO  com.orangehrm.pages.BasePage - 🖱️ Click nút Login (expect: success)
2026-06-04 00:17:39.257 [main] INFO  com.orangehrm.listeners.TestListener - ▶️ Bắt đầu test: [tc_Dash_004_dashboardWidgetsDisplayed]
2026-06-04 00:17:39.257 [main] INFO  com.orangehrm.tests.BaseTest - 📋 Kiểm tra số lượng widget trên Dashboard
2026-06-04 00:17:39.266 [main] INFO  com.orangehrm.tests.BaseTest - ✅ TC_DASH_004 PASSED: Dashboard hiển thị 14 widget(s)
2026-06-04 00:17:39.266 [main] INFO  com.orangehrm.listeners.TestListener - ✅ PASSED: [tc_Dash_004_dashboardWidgetsDisplayed] - Thời gian: 0s
2026-06-04 00:17:39.426 [main] INFO  com.orangehrm.utils.DriverManager - ✅ Đã đóng WebDriver
2026-06-04 00:17:39.426 [main] INFO  com.orangehrm.tests.BaseTest - 🧹 Teardown hoàn tất - WebDriver đã đóng
2026-06-04 00:17:39.427 [main] INFO  com.orangehrm.utils.DriverManager - 🚀 Khởi tạo chrome driver (headless=false)
2026-06-04 00:17:40.063 [main] INFO  com.orangehrm.utils.DriverManager - ✅ Khởi tạo driver thành công
2026-06-04 00:17:40.064 [main] INFO  com.orangehrm.tests.BaseTest - 🔧 Setup hoàn tất - WebDriver đã sẵn sàng
2026-06-04 00:17:43.092 [main] INFO  com.orangehrm.pages.BasePage - 🌐 Điều hướng đến: https://opensource-demo.orangehrmlive.com/web/index.php/auth/login
2026-06-04 00:17:45.095 [main] INFO  com.orangehrm.pages.BasePage - 📄 Mở trang đăng nhập OrangeHRM
2026-06-04 00:17:45.174 [main] INFO  com.orangehrm.pages.BasePage - 👤 Nhập username: Admin
2026-06-04 00:17:45.279 [main] INFO  com.orangehrm.pages.BasePage - 🔐 Nhập password
2026-06-04 00:17:56.452 [main] INFO  com.orangehrm.pages.BasePage - 🖱️ Click nút Login (expect: success)
2026-06-04 00:18:06.500 [main] INFO  com.orangehrm.listeners.TestListener - ▶️ Bắt đầu test: [tc_Emp_001_viewEmployeeList]
2026-06-04 00:18:06.501 [main] INFO  com.orangehrm.tests.BaseTest - 📋 Điều hướng đến module PIM - Danh sách nhân viên
2026-06-04 00:18:06.952 [main] INFO  com.orangehrm.pages.BasePage - 📌 Điều hướng đến module PIM
2026-06-04 00:18:18.471 [main] INFO  com.orangehrm.tests.BaseTest - 📋 Xác nhận trang danh sách nhân viên hiển thị
2026-06-04 00:18:18.475 [main] INFO  com.orangehrm.tests.BaseTest - 📋 Kiểm tra số lượng nhân viên > 0
2026-06-04 00:18:18.485 [main] INFO  com.orangehrm.tests.BaseTest - ✅ TC_EMP_001 PASSED: Danh sách hiển thị 50 nhân viên
2026-06-04 00:18:18.486 [main] INFO  com.orangehrm.listeners.TestListener - ✅ PASSED: [tc_Emp_001_viewEmployeeList] - Thời gian: 11s
2026-06-04 00:18:18.640 [main] INFO  com.orangehrm.utils.DriverManager - ✅ Đã đóng WebDriver
2026-06-04 00:18:18.640 [main] INFO  com.orangehrm.tests.BaseTest - 🧹 Teardown hoàn tất - WebDriver đã đóng
2026-06-04 00:18:18.641 [main] INFO  com.orangehrm.utils.DriverManager - 🚀 Khởi tạo chrome driver (headless=false)
2026-06-04 00:18:19.266 [main] INFO  com.orangehrm.utils.DriverManager - ✅ Khởi tạo driver thành công
2026-06-04 00:18:19.266 [main] INFO  com.orangehrm.tests.BaseTest - 🔧 Setup hoàn tất - WebDriver đã sẵn sàng
2026-06-04 00:18:23.324 [main] INFO  com.orangehrm.pages.BasePage - 🌐 Điều hướng đến: https://opensource-demo.orangehrmlive.com/web/index.php/auth/login
2026-06-04 00:18:25.327 [main] INFO  com.orangehrm.pages.BasePage - 📄 Mở trang đăng nhập OrangeHRM
2026-06-04 00:18:25.399 [main] INFO  com.orangehrm.pages.BasePage - 👤 Nhập username: Admin
2026-06-04 00:18:25.505 [main] INFO  com.orangehrm.pages.BasePage - 🔐 Nhập password
2026-06-04 00:18:36.776 [main] INFO  com.orangehrm.pages.BasePage - 🖱️ Click nút Login (expect: success)
2026-06-04 00:18:46.824 [main] INFO  com.orangehrm.listeners.TestListener - ▶️ Bắt đầu test: [tc_Emp_002_addNewEmployeeSuccessfully]
2026-06-04 00:18:46.824 [main] INFO  com.orangehrm.tests.BaseTest - 📋 Điều hướng đến PIM
2026-06-04 00:18:47.902 [main] INFO  com.orangehrm.pages.BasePage - 📌 Điều hướng đến module PIM
2026-06-04 00:19:00.737 [main] INFO  com.orangehrm.tests.BaseTest - 📋 Click nút Add Employee
2026-06-04 00:19:11.571 [main] INFO  com.orangehrm.pages.BasePage - ➕ Click thêm nhân viên mới
2026-06-04 00:19:21.603 [main] INFO  com.orangehrm.tests.BaseTest - 📋 Xác nhận form thêm nhân viên hiển thị
2026-06-04 00:19:21.607 [main] INFO  com.orangehrm.tests.BaseTest - 📋 Điền thông tin nhân viên: Test AutoUser1606
2026-06-04 00:19:21.771 [main] INFO  com.orangehrm.pages.BasePage - 📝 Điền thông tin: Test  AutoUser1606
2026-06-04 00:19:21.771 [main] INFO  com.orangehrm.tests.BaseTest - 📋 Lưu thông tin nhân viên
2026-06-04 00:19:38.266 [main] INFO  com.orangehrm.pages.BasePage - 💾 Đã lưu thông tin nhân viên
2026-06-04 00:19:38.267 [main] INFO  com.orangehrm.tests.BaseTest - 📋 Xác nhận lưu thành công
2026-06-04 00:20:08.902 [main] WARN  com.orangehrm.pages.BasePage - ⚠️ Element không visible: TimeoutException
2026-06-04 00:20:08.906 [main] INFO  com.orangehrm.tests.BaseTest - ✅ TC_EMP_002 PASSED: Thêm nhân viên Test AutoUser1606 thành công
2026-06-04 00:20:08.906 [main] INFO  com.orangehrm.listeners.TestListener - ✅ PASSED: [tc_Emp_002_addNewEmployeeSuccessfully] - Thời gian: 82s
2026-06-04 00:20:09.083 [main] INFO  com.orangehrm.utils.DriverManager - ✅ Đã đóng WebDriver
2026-06-04 00:20:09.083 [main] INFO  com.orangehrm.tests.BaseTest - 🧹 Teardown hoàn tất - WebDriver đã đóng
2026-06-04 00:20:09.084 [main] INFO  com.orangehrm.utils.DriverManager - 🚀 Khởi tạo chrome driver (headless=false)
2026-06-04 00:20:09.687 [main] INFO  com.orangehrm.utils.DriverManager - ✅ Khởi tạo driver thành công
2026-06-04 00:20:09.687 [main] INFO  com.orangehrm.tests.BaseTest - 🔧 Setup hoàn tất - WebDriver đã sẵn sàng
2026-06-04 00:20:13.254 [main] INFO  com.orangehrm.pages.BasePage - 🌐 Điều hướng đến: https://opensource-demo.orangehrmlive.com/web/index.php/auth/login
2026-06-04 00:20:15.255 [main] INFO  com.orangehrm.pages.BasePage - 📄 Mở trang đăng nhập OrangeHRM
2026-06-04 00:20:15.334 [main] INFO  com.orangehrm.pages.BasePage - 👤 Nhập username: Admin
2026-06-04 00:20:15.414 [main] INFO  com.orangehrm.pages.BasePage - 🔐 Nhập password
2026-06-04 00:20:26.813 [main] INFO  com.orangehrm.pages.BasePage - 🖱️ Click nút Login (expect: success)
2026-06-04 00:20:36.849 [main] INFO  com.orangehrm.listeners.TestListener - ▶️ Bắt đầu test: [tc_Emp_003_addEmployeeWithEmptyLastName]
2026-06-04 00:20:36.850 [main] INFO  com.orangehrm.tests.BaseTest - 📋 Điều hướng đến PIM và click Add Employee
2026-06-04 00:20:37.326 [main] INFO  com.orangehrm.pages.BasePage - 📌 Điều hướng đến module PIM
2026-06-04 00:20:59.833 [main] INFO  com.orangehrm.pages.BasePage - ➕ Click thêm nhân viên mới
2026-06-04 00:21:09.866 [main] INFO  com.orangehrm.tests.BaseTest - 📋 Chỉ nhập First Name, bỏ trống Last Name
2026-06-04 00:21:10.026 [main] INFO  com.orangehrm.pages.BasePage - 📝 Điền thông tin: TestOnly  
2026-06-04 00:21:10.026 [main] INFO  com.orangehrm.tests.BaseTest - 📋 Click Save với Last Name trống
2026-06-04 00:21:20.164 [main] INFO  com.orangehrm.pages.BasePage - 💾 Đã lưu thông tin nhân viên
2026-06-04 00:21:20.164 [main] INFO  com.orangehrm.tests.BaseTest - 📋 Xác nhận thông báo lỗi validation xuất hiện
2026-06-04 00:21:20.172 [main] INFO  com.orangehrm.tests.BaseTest - ✅ TC_EMP_003 PASSED: Validation hoạt động đúng khi thiếu Last Name
2026-06-04 00:21:20.173 [main] INFO  com.orangehrm.listeners.TestListener - ✅ PASSED: [tc_Emp_003_addEmployeeWithEmptyLastName] - Thời gian: 43s
2026-06-04 00:21:20.364 [main] INFO  com.orangehrm.utils.DriverManager - ✅ Đã đóng WebDriver
2026-06-04 00:21:20.364 [main] INFO  com.orangehrm.tests.BaseTest - 🧹 Teardown hoàn tất - WebDriver đã đóng
2026-06-04 00:21:20.365 [main] INFO  com.orangehrm.utils.DriverManager - 🚀 Khởi tạo chrome driver (headless=false)
2026-06-04 00:21:20.966 [main] INFO  com.orangehrm.utils.DriverManager - ✅ Khởi tạo driver thành công
2026-06-04 00:21:20.966 [main] INFO  com.orangehrm.tests.BaseTest - 🔧 Setup hoàn tất - WebDriver đã sẵn sàng
2026-06-04 00:21:24.124 [main] INFO  com.orangehrm.pages.BasePage - 🌐 Điều hướng đến: https://opensource-demo.orangehrmlive.com/web/index.php/auth/login
2026-06-04 00:21:26.138 [main] INFO  com.orangehrm.pages.BasePage - 📄 Mở trang đăng nhập OrangeHRM
2026-06-04 00:21:26.213 [main] INFO  com.orangehrm.pages.BasePage - 👤 Nhập username: Admin
2026-06-04 00:21:26.293 [main] INFO  com.orangehrm.pages.BasePage - 🔐 Nhập password
2026-06-04 00:21:37.641 [main] INFO  com.orangehrm.pages.BasePage - 🖱️ Click nút Login (expect: success)
2026-06-04 00:21:47.690 [main] INFO  com.orangehrm.listeners.TestListener - ▶️ Bắt đầu test: [tc_Emp_004_searchEmployeeByName]
2026-06-04 00:21:47.691 [main] INFO  com.orangehrm.tests.BaseTest - 📋 Điều hướng đến trang danh sách nhân viên
2026-06-04 00:21:48.136 [main] INFO  com.orangehrm.pages.BasePage - 📌 Điều hướng đến module PIM
2026-06-04 00:21:59.653 [main] INFO  com.orangehrm.tests.BaseTest - 📋 Tìm kiếm nhân viên với từ khóa 'a'
2026-06-04 00:21:59.733 [main] INFO  com.orangehrm.pages.BasePage - 🔍 Tìm kiếm nhân viên: a
2026-06-04 00:22:10.404 [main] INFO  com.orangehrm.pages.BasePage - 🔍 Thực hiện tìm kiếm
2026-06-04 00:22:10.404 [main] INFO  com.orangehrm.tests.BaseTest - 📋 Xác nhận có kết quả tìm kiếm
2026-06-04 00:22:10.414 [main] INFO  com.orangehrm.tests.BaseTest - ✅ TC_EMP_004 PASSED: Tìm kiếm trả về 50 kết quả
2026-06-04 00:22:10.415 [main] INFO  com.orangehrm.listeners.TestListener - ✅ PASSED: [tc_Emp_004_searchEmployeeByName] - Thời gian: 22s
2026-06-04 00:22:10.557 [main] INFO  com.orangehrm.utils.DriverManager - ✅ Đã đóng WebDriver
2026-06-04 00:22:10.557 [main] INFO  com.orangehrm.tests.BaseTest - 🧹 Teardown hoàn tất - WebDriver đã đóng
2026-06-04 00:22:10.558 [main] INFO  com.orangehrm.utils.DriverManager - 🚀 Khởi tạo chrome driver (headless=false)
2026-06-04 00:22:11.162 [main] INFO  com.orangehrm.utils.DriverManager - ✅ Khởi tạo driver thành công
2026-06-04 00:22:11.163 [main] INFO  com.orangehrm.tests.BaseTest - 🔧 Setup hoàn tất - WebDriver đã sẵn sàng
2026-06-04 00:22:14.271 [main] INFO  com.orangehrm.pages.BasePage - 🌐 Điều hướng đến: https://opensource-demo.orangehrmlive.com/web/index.php/auth/login
2026-06-04 00:22:16.272 [main] INFO  com.orangehrm.pages.BasePage - 📄 Mở trang đăng nhập OrangeHRM
2026-06-04 00:22:16.347 [main] INFO  com.orangehrm.pages.BasePage - 👤 Nhập username: Admin
2026-06-04 00:22:16.466 [main] INFO  com.orangehrm.pages.BasePage - 🔐 Nhập password
2026-06-04 00:22:28.754 [main] INFO  com.orangehrm.pages.BasePage - 🖱️ Click nút Login (expect: success)
2026-06-04 00:22:38.804 [main] INFO  com.orangehrm.listeners.TestListener - ▶️ Bắt đầu test: [tc_Emp_005_searchNonExistentEmployee]
2026-06-04 00:22:38.805 [main] INFO  com.orangehrm.tests.BaseTest - 📋 Điều hướng đến danh sách nhân viên
2026-06-04 00:22:39.448 [main] INFO  com.orangehrm.pages.BasePage - 📌 Điều hướng đến module PIM
2026-06-04 00:22:51.447 [main] INFO  com.orangehrm.tests.BaseTest - 📋 Tìm kiếm với tên ngẫu nhiên không tồn tại
2026-06-04 00:22:51.536 [main] INFO  com.orangehrm.pages.BasePage - 🔍 Tìm kiếm nhân viên: XYZ_NONEXISTENT_1780507371447
2026-06-04 00:23:02.707 [main] INFO  com.orangehrm.pages.BasePage - 🔍 Thực hiện tìm kiếm
2026-06-04 00:23:02.707 [main] INFO  com.orangehrm.tests.BaseTest - 📋 Xác nhận không có kết quả hoặc hiển thị 'No Records Found'
2026-06-04 00:23:12.739 [main] INFO  com.orangehrm.tests.BaseTest - ✅ TC_EMP_005 PASSED: Hiển thị đúng khi không tìm thấy nhân viên
2026-06-04 00:23:12.739 [main] INFO  com.orangehrm.listeners.TestListener - ✅ PASSED: [tc_Emp_005_searchNonExistentEmployee] - Thời gian: 33s
2026-06-04 00:23:12.894 [main] INFO  com.orangehrm.utils.DriverManager - ✅ Đã đóng WebDriver
2026-06-04 00:23:12.894 [main] INFO  com.orangehrm.tests.BaseTest - 🧹 Teardown hoàn tất - WebDriver đã đóng
2026-06-04 00:23:12.895 [main] INFO  com.orangehrm.utils.DriverManager - 🚀 Khởi tạo chrome driver (headless=false)
2026-06-04 00:23:13.486 [main] INFO  com.orangehrm.utils.DriverManager - ✅ Khởi tạo driver thành công
2026-06-04 00:23:13.487 [main] INFO  com.orangehrm.tests.BaseTest - 🔧 Setup hoàn tất - WebDriver đã sẵn sàng
2026-06-04 00:23:16.528 [main] INFO  com.orangehrm.pages.BasePage - 🌐 Điều hướng đến: https://opensource-demo.orangehrmlive.com/web/index.php/auth/login
2026-06-04 00:23:18.533 [main] INFO  com.orangehrm.pages.BasePage - 📄 Mở trang đăng nhập OrangeHRM
2026-06-04 00:23:18.608 [main] INFO  com.orangehrm.pages.BasePage - 👤 Nhập username: Admin
2026-06-04 00:23:18.687 [main] INFO  com.orangehrm.pages.BasePage - 🔐 Nhập password
2026-06-04 00:23:30.027 [main] INFO  com.orangehrm.pages.BasePage - 🖱️ Click nút Login (expect: success)
2026-06-04 00:23:40.077 [main] INFO  com.orangehrm.listeners.TestListener - ▶️ Bắt đầu test: [tc_Emp_006_resetSearchFilter]
2026-06-04 00:23:40.078 [main] INFO  com.orangehrm.tests.BaseTest - 📋 Điều hướng đến danh sách nhân viên
2026-06-04 00:23:40.522 [main] INFO  com.orangehrm.pages.BasePage - 📌 Điều hướng đến module PIM
2026-06-04 00:23:52.062 [main] INFO  com.orangehrm.tests.BaseTest - 📋 Lấy số lượng nhân viên ban đầu
2026-06-04 00:23:52.071 [main] INFO  com.orangehrm.tests.BaseTest - 📋 Tìm kiếm để lọc danh sách
2026-06-04 00:23:52.151 [main] INFO  com.orangehrm.pages.BasePage - 🔍 Tìm kiếm nhân viên: admin
2026-06-04 00:24:02.823 [main] INFO  com.orangehrm.pages.BasePage - 🔍 Thực hiện tìm kiếm
2026-06-04 00:24:02.828 [main] INFO  com.orangehrm.tests.BaseTest - 📋 Click Reset để xóa bộ lọc
2026-06-04 00:24:13.469 [main] INFO  com.orangehrm.pages.BasePage - 🔄 Reset bộ lọc
2026-06-04 00:24:13.477 [main] INFO  com.orangehrm.tests.BaseTest - 📋 Xác nhận danh sách trở về trạng thái ban đầu
2026-06-04 00:24:13.479 [main] INFO  com.orangehrm.tests.BaseTest - ✅ TC_EMP_006 PASSED: Reset bộ lọc thành công (1 → 50 nhân viên)
2026-06-04 00:24:13.480 [main] INFO  com.orangehrm.listeners.TestListener - ✅ PASSED: [tc_Emp_006_resetSearchFilter] - Thời gian: 33s
2026-06-04 00:24:13.633 [main] INFO  com.orangehrm.utils.DriverManager - ✅ Đã đóng WebDriver
2026-06-04 00:24:13.633 [main] INFO  com.orangehrm.tests.BaseTest - 🧹 Teardown hoàn tất - WebDriver đã đóng
2026-06-04 00:24:13.634 [main] INFO  com.orangehrm.utils.DriverManager - 🚀 Khởi tạo chrome driver (headless=false)
2026-06-04 00:24:14.228 [main] INFO  com.orangehrm.utils.DriverManager - ✅ Khởi tạo driver thành công
2026-06-04 00:24:14.228 [main] INFO  com.orangehrm.tests.BaseTest - 🔧 Setup hoàn tất - WebDriver đã sẵn sàng
2026-06-04 00:24:17.105 [main] INFO  com.orangehrm.pages.BasePage - 🌐 Điều hướng đến: https://opensource-demo.orangehrmlive.com/web/index.php/auth/login
2026-06-04 00:24:19.116 [main] INFO  com.orangehrm.pages.BasePage - 📄 Mở trang đăng nhập OrangeHRM
2026-06-04 00:24:19.191 [main] INFO  com.orangehrm.pages.BasePage - 👤 Nhập username: Admin
2026-06-04 00:24:19.270 [main] INFO  com.orangehrm.pages.BasePage - 🔐 Nhập password
2026-06-04 00:24:30.455 [main] INFO  com.orangehrm.pages.BasePage - 🖱️ Click nút Login (expect: success)
2026-06-04 00:24:40.474 [main] INFO  com.orangehrm.listeners.TestListener - ▶️ Bắt đầu test: [tc_Emp_007_verifyAutoGeneratedEmployeeId]
2026-06-04 00:24:40.475 [main] INFO  com.orangehrm.tests.BaseTest - 📋 Điều hướng đến form thêm nhân viên
2026-06-04 00:24:40.947 [main] INFO  com.orangehrm.pages.BasePage - 📌 Điều hướng đến module PIM
2026-06-04 00:25:03.083 [main] INFO  com.orangehrm.pages.BasePage - ➕ Click thêm nhân viên mới
2026-06-04 00:25:13.134 [main] INFO  com.orangehrm.tests.BaseTest - 📋 Kiểm tra Employee ID được tự động tạo
2026-06-04 00:25:13.157 [main] INFO  com.orangehrm.tests.BaseTest - ✅ TC_EMP_007 PASSED: Employee ID tự động được tạo: 0524
2026-06-04 00:25:13.157 [main] INFO  com.orangehrm.listeners.TestListener - ✅ PASSED: [tc_Emp_007_verifyAutoGeneratedEmployeeId] - Thời gian: 32s
2026-06-04 00:25:13.319 [main] INFO  com.orangehrm.utils.DriverManager - ✅ Đã đóng WebDriver
2026-06-04 00:25:13.320 [main] INFO  com.orangehrm.tests.BaseTest - 🧹 Teardown hoàn tất - WebDriver đã đóng
2026-06-04 00:25:13.321 [main] INFO  com.orangehrm.utils.DriverManager - 🚀 Khởi tạo chrome driver (headless=false)
2026-06-04 00:25:13.953 [main] INFO  com.orangehrm.utils.DriverManager - ✅ Khởi tạo driver thành công
2026-06-04 00:25:13.953 [main] INFO  com.orangehrm.tests.BaseTest - 🔧 Setup hoàn tất - WebDriver đã sẵn sàng
2026-06-04 00:25:17.842 [main] INFO  com.orangehrm.pages.BasePage - 🌐 Điều hướng đến: https://opensource-demo.orangehrmlive.com/web/index.php/auth/login
2026-06-04 00:25:19.844 [main] INFO  com.orangehrm.pages.BasePage - 📄 Mở trang đăng nhập OrangeHRM
2026-06-04 00:25:19.919 [main] INFO  com.orangehrm.pages.BasePage - 👤 Nhập username: Admin
2026-06-04 00:25:19.999 [main] INFO  com.orangehrm.pages.BasePage - 🔐 Nhập password
2026-06-04 00:25:22.511 [main] INFO  com.orangehrm.pages.BasePage - 🖱️ Click nút Login (expect: success)
2026-06-04 00:25:35.743 [main] INFO  com.orangehrm.pages.BasePage - 📌 Điều hướng đến module Admin
2026-06-04 00:25:46.948 [main] INFO  com.orangehrm.listeners.TestListener - ▶️ Bắt đầu test: [tc_Admin_001_accessAdminModule]
2026-06-04 00:25:46.948 [main] INFO  com.orangehrm.tests.BaseTest - 📋 Xác nhận module Admin đã mở
2026-06-04 00:25:46.951 [main] INFO  com.orangehrm.tests.BaseTest - ✅ TC_ADMIN_001 PASSED: Module Admin truy cập thành công
2026-06-04 00:25:46.952 [main] INFO  com.orangehrm.listeners.TestListener - ✅ PASSED: [tc_Admin_001_accessAdminModule] - Thời gian: 0s
2026-06-04 00:25:47.113 [main] INFO  com.orangehrm.utils.DriverManager - ✅ Đã đóng WebDriver
2026-06-04 00:25:47.113 [main] INFO  com.orangehrm.tests.BaseTest - 🧹 Teardown hoàn tất - WebDriver đã đóng
2026-06-04 00:25:47.113 [main] INFO  com.orangehrm.utils.DriverManager - 🚀 Khởi tạo chrome driver (headless=false)
2026-06-04 00:25:47.697 [main] INFO  com.orangehrm.utils.DriverManager - ✅ Khởi tạo driver thành công
2026-06-04 00:25:47.697 [main] INFO  com.orangehrm.tests.BaseTest - 🔧 Setup hoàn tất - WebDriver đã sẵn sàng
2026-06-04 00:25:51.501 [main] INFO  com.orangehrm.pages.BasePage - 🌐 Điều hướng đến: https://opensource-demo.orangehrmlive.com/web/index.php/auth/login
2026-06-04 00:25:53.507 [main] INFO  com.orangehrm.pages.BasePage - 📄 Mở trang đăng nhập OrangeHRM
2026-06-04 00:25:53.580 [main] INFO  com.orangehrm.pages.BasePage - 👤 Nhập username: Admin
2026-06-04 00:25:53.659 [main] INFO  com.orangehrm.pages.BasePage - 🔐 Nhập password
2026-06-04 00:26:04.949 [main] INFO  com.orangehrm.pages.BasePage - 🖱️ Click nút Login (expect: success)
2026-06-04 00:26:15.448 [main] INFO  com.orangehrm.pages.BasePage - 📌 Điều hướng đến module Admin
2026-06-04 00:26:26.929 [main] INFO  com.orangehrm.listeners.TestListener - ▶️ Bắt đầu test: [tc_Admin_002_systemUsersListDisplayed]
2026-06-04 00:26:26.930 [main] INFO  com.orangehrm.tests.BaseTest - 📋 Kiểm tra danh sách người dùng
2026-06-04 00:26:26.939 [main] INFO  com.orangehrm.tests.BaseTest - 📋 Xác nhận có ít nhất 1 người dùng (Admin)
2026-06-04 00:26:26.939 [main] INFO  com.orangehrm.tests.BaseTest - ✅ TC_ADMIN_002 PASSED: Danh sách hiển thị 41 người dùng
2026-06-04 00:26:26.940 [main] INFO  com.orangehrm.listeners.TestListener - ✅ PASSED: [tc_Admin_002_systemUsersListDisplayed] - Thời gian: 0s
2026-06-04 00:26:27.098 [main] INFO  com.orangehrm.utils.DriverManager - ✅ Đã đóng WebDriver
2026-06-04 00:26:27.098 [main] INFO  com.orangehrm.tests.BaseTest - 🧹 Teardown hoàn tất - WebDriver đã đóng
2026-06-04 00:26:27.099 [main] INFO  com.orangehrm.utils.DriverManager - 🚀 Khởi tạo chrome driver (headless=false)
2026-06-04 00:26:27.703 [main] INFO  com.orangehrm.utils.DriverManager - ✅ Khởi tạo driver thành công
2026-06-04 00:26:27.703 [main] INFO  com.orangehrm.tests.BaseTest - 🔧 Setup hoàn tất - WebDriver đã sẵn sàng
2026-06-04 00:26:30.771 [main] INFO  com.orangehrm.pages.BasePage - 🌐 Điều hướng đến: https://opensource-demo.orangehrmlive.com/web/index.php/auth/login
2026-06-04 00:26:32.776 [main] INFO  com.orangehrm.pages.BasePage - 📄 Mở trang đăng nhập OrangeHRM
2026-06-04 00:26:32.873 [main] INFO  com.orangehrm.pages.BasePage - 👤 Nhập username: Admin
2026-06-04 00:26:32.976 [main] INFO  com.orangehrm.pages.BasePage - 🔐 Nhập password
2026-06-04 00:26:44.202 [main] INFO  com.orangehrm.pages.BasePage - 🖱️ Click nút Login (expect: success)
2026-06-04 00:26:54.710 [main] INFO  com.orangehrm.pages.BasePage - 📌 Điều hướng đến module Admin
2026-06-04 00:27:06.183 [main] INFO  com.orangehrm.listeners.TestListener - ▶️ Bắt đầu test: [tc_Admin_003_searchUserByUsername]
2026-06-04 00:27:06.183 [main] INFO  com.orangehrm.tests.BaseTest - 📋 Tìm kiếm người dùng với username 'Admin'
2026-06-04 00:27:19.483 [main] INFO  com.orangehrm.pages.BasePage - 🔍 Tìm kiếm user: Admin
2026-06-04 00:27:19.483 [main] INFO  com.orangehrm.tests.BaseTest - 📋 Xác nhận Admin xuất hiện trong kết quả
2026-06-04 00:27:19.513 [main] INFO  com.orangehrm.tests.BaseTest - ✅ TC_ADMIN_003 PASSED: Tìm thấy người dùng 'Admin'
2026-06-04 00:27:19.513 [main] INFO  com.orangehrm.listeners.TestListener - ✅ PASSED: [tc_Admin_003_searchUserByUsername] - Thời gian: 13s
2026-06-04 00:27:19.687 [main] INFO  com.orangehrm.utils.DriverManager - ✅ Đã đóng WebDriver
2026-06-04 00:27:19.687 [main] INFO  com.orangehrm.tests.BaseTest - 🧹 Teardown hoàn tất - WebDriver đã đóng
2026-06-04 00:27:19.688 [main] INFO  com.orangehrm.utils.DriverManager - 🚀 Khởi tạo chrome driver (headless=false)
2026-06-04 00:27:20.322 [main] INFO  com.orangehrm.utils.DriverManager - ✅ Khởi tạo driver thành công
2026-06-04 00:27:20.322 [main] INFO  com.orangehrm.tests.BaseTest - 🔧 Setup hoàn tất - WebDriver đã sẵn sàng
2026-06-04 00:27:23.850 [main] INFO  com.orangehrm.pages.BasePage - 🌐 Điều hướng đến: https://opensource-demo.orangehrmlive.com/web/index.php/auth/login
2026-06-04 00:27:25.866 [main] INFO  com.orangehrm.pages.BasePage - 📄 Mở trang đăng nhập OrangeHRM
2026-06-04 00:27:25.944 [main] INFO  com.orangehrm.pages.BasePage - 👤 Nhập username: Admin
2026-06-04 00:27:26.047 [main] INFO  com.orangehrm.pages.BasePage - 🔐 Nhập password
2026-06-04 00:27:37.305 [main] INFO  com.orangehrm.pages.BasePage - 🖱️ Click nút Login (expect: success)
2026-06-04 00:27:47.816 [main] INFO  com.orangehrm.pages.BasePage - 📌 Điều hướng đến module Admin
2026-06-04 00:27:58.782 [main] INFO  com.orangehrm.listeners.TestListener - ▶️ Bắt đầu test: [tc_Admin_004_searchNonExistentUser]
2026-06-04 00:27:58.783 [main] INFO  com.orangehrm.tests.BaseTest - 📋 Tìm kiếm username không tồn tại
2026-06-04 00:28:11.565 [main] INFO  com.orangehrm.pages.BasePage - 🔍 Tìm kiếm user: NONEXISTENT_USER_XYZ_1780507678783
2026-06-04 00:28:11.565 [main] INFO  com.orangehrm.tests.BaseTest - 📋 Xác nhận không có kết quả
2026-06-04 00:28:25.151 [main] ERROR com.orangehrm.listeners.TestListener - ❌ FAILED: [tc_Admin_004_searchNonExistentUser]
2026-06-04 00:28:25.151 [main] ERROR com.orangehrm.listeners.TestListener -    Lý do: Hệ thống hiển thị kết quả khi username không tồn tại expected [true] but found [false]
2026-06-04 00:28:25.458 [main] INFO  com.orangehrm.utils.DriverManager - ✅ Đã đóng WebDriver
2026-06-04 00:28:25.458 [main] INFO  com.orangehrm.tests.BaseTest - 🧹 Teardown hoàn tất - WebDriver đã đóng
2026-06-04 00:28:25.459 [main] INFO  com.orangehrm.utils.DriverManager - 🚀 Khởi tạo chrome driver (headless=false)
2026-06-04 00:28:26.062 [main] INFO  com.orangehrm.utils.DriverManager - ✅ Khởi tạo driver thành công
2026-06-04 00:28:26.062 [main] INFO  com.orangehrm.tests.BaseTest - 🔧 Setup hoàn tất - WebDriver đã sẵn sàng
2026-06-04 00:28:29.192 [main] INFO  com.orangehrm.pages.BasePage - 🌐 Điều hướng đến: https://opensource-demo.orangehrmlive.com/web/index.php/auth/login
2026-06-04 00:28:31.193 [main] INFO  com.orangehrm.pages.BasePage - 📄 Mở trang đăng nhập OrangeHRM
2026-06-04 00:28:31.272 [main] INFO  com.orangehrm.pages.BasePage - 👤 Nhập username: Admin
2026-06-04 00:28:31.366 [main] INFO  com.orangehrm.pages.BasePage - 🔐 Nhập password
2026-06-04 00:28:42.618 [main] INFO  com.orangehrm.pages.BasePage - 🖱️ Click nút Login (expect: success)
2026-06-04 00:28:53.604 [main] INFO  com.orangehrm.pages.BasePage - 📌 Điều hướng đến module Admin
2026-06-04 00:29:05.600 [main] INFO  com.orangehrm.listeners.TestListener - ▶️ Bắt đầu test: [tc_Admin_005_resetAdminSearchFilter]
2026-06-04 00:29:05.602 [main] INFO  com.orangehrm.tests.BaseTest - 📋 Tìm kiếm 'Admin' để lọc danh sách
2026-06-04 00:29:19.402 [main] INFO  com.orangehrm.pages.BasePage - 🔍 Tìm kiếm user: Admin
2026-06-04 00:29:19.411 [main] INFO  com.orangehrm.tests.BaseTest - 📋 Reset bộ lọc
2026-06-04 00:29:33.156 [main] INFO  com.orangehrm.tests.BaseTest - 📋 Xác nhận sau reset hiển thị nhiều hơn hoặc bằng khi đang lọc
2026-06-04 00:29:33.156 [main] INFO  com.orangehrm.tests.BaseTest - ✅ TC_ADMIN_005 PASSED: Reset bộ lọc thành công (41 → 41 users)
2026-06-04 00:29:33.156 [main] INFO  com.orangehrm.listeners.TestListener - ✅ PASSED: [tc_Admin_005_resetAdminSearchFilter] - Thời gian: 27s
2026-06-04 00:29:33.304 [main] INFO  com.orangehrm.utils.DriverManager - ✅ Đã đóng WebDriver
2026-06-04 00:29:33.304 [main] INFO  com.orangehrm.tests.BaseTest - 🧹 Teardown hoàn tất - WebDriver đã đóng
2026-06-04 00:29:33.305 [main] INFO  com.orangehrm.utils.DriverManager - 🚀 Khởi tạo chrome driver (headless=false)
2026-06-04 00:29:33.912 [main] INFO  com.orangehrm.utils.DriverManager - ✅ Khởi tạo driver thành công
2026-06-04 00:29:33.912 [main] INFO  com.orangehrm.tests.BaseTest - 🔧 Setup hoàn tất - WebDriver đã sẵn sàng
2026-06-04 00:29:37.192 [main] INFO  com.orangehrm.pages.BasePage - 🌐 Điều hướng đến: https://opensource-demo.orangehrmlive.com/web/index.php/auth/login
2026-06-04 00:29:39.193 [main] INFO  com.orangehrm.pages.BasePage - 📄 Mở trang đăng nhập OrangeHRM
2026-06-04 00:29:39.272 [main] INFO  com.orangehrm.pages.BasePage - 👤 Nhập username: Admin
2026-06-04 00:29:39.343 [main] INFO  com.orangehrm.pages.BasePage - 🔐 Nhập password
2026-06-04 00:29:50.846 [main] INFO  com.orangehrm.pages.BasePage - 🖱️ Click nút Login (expect: success)
2026-06-04 00:30:01.329 [main] INFO  com.orangehrm.pages.BasePage - 📌 Điều hướng đến module Leave
2026-06-04 00:30:12.814 [main] INFO  com.orangehrm.listeners.TestListener - ▶️ Bắt đầu test: [tc_Leave_001_accessLeaveModule]
2026-06-04 00:30:12.814 [main] INFO  com.orangehrm.tests.BaseTest - 📋 Xác nhận trang Leave List hiển thị
2026-06-04 00:30:12.818 [main] INFO  com.orangehrm.tests.BaseTest - ✅ TC_LEAVE_001 PASSED: Truy cập module Leave thành công
2026-06-04 00:30:12.818 [main] INFO  com.orangehrm.listeners.TestListener - ✅ PASSED: [tc_Leave_001_accessLeaveModule] - Thời gian: 0s
2026-06-04 00:30:12.966 [main] INFO  com.orangehrm.utils.DriverManager - ✅ Đã đóng WebDriver
2026-06-04 00:30:12.966 [main] INFO  com.orangehrm.tests.BaseTest - 🧹 Teardown hoàn tất - WebDriver đã đóng
2026-06-04 00:30:12.967 [main] INFO  com.orangehrm.utils.DriverManager - 🚀 Khởi tạo chrome driver (headless=false)
2026-06-04 00:30:13.560 [main] INFO  com.orangehrm.utils.DriverManager - ✅ Khởi tạo driver thành công
2026-06-04 00:30:13.560 [main] INFO  com.orangehrm.tests.BaseTest - 🔧 Setup hoàn tất - WebDriver đã sẵn sàng
2026-06-04 00:30:16.357 [main] INFO  com.orangehrm.pages.BasePage - 🌐 Điều hướng đến: https://opensource-demo.orangehrmlive.com/web/index.php/auth/login
2026-06-04 00:30:18.358 [main] INFO  com.orangehrm.pages.BasePage - 📄 Mở trang đăng nhập OrangeHRM
2026-06-04 00:30:18.462 [main] INFO  com.orangehrm.pages.BasePage - 👤 Nhập username: Admin
2026-06-04 00:30:18.574 [main] INFO  com.orangehrm.pages.BasePage - 🔐 Nhập password
2026-06-04 00:30:29.780 [main] INFO  com.orangehrm.pages.BasePage - 🖱️ Click nút Login (expect: success)
2026-06-04 00:30:40.286 [main] INFO  com.orangehrm.pages.BasePage - 📌 Điều hướng đến module Leave
2026-06-04 00:30:51.768 [main] INFO  com.orangehrm.listeners.TestListener - ▶️ Bắt đầu test: [tc_Leave_002_viewLeaveList]
2026-06-04 00:30:51.768 [main] INFO  com.orangehrm.tests.BaseTest - 📋 Kiểm tra danh sách nghỉ phép
2026-06-04 00:30:51.776 [main] INFO  com.orangehrm.tests.BaseTest - 📋 Ghi nhận số lượng yêu cầu nghỉ phép
2026-06-04 00:30:51.777 [main] INFO  com.orangehrm.tests.BaseTest - ✅ TC_LEAVE_002 PASSED: Danh sách nghỉ phép hiển thị 4 yêu cầu
2026-06-04 00:30:51.777 [main] INFO  com.orangehrm.listeners.TestListener - ✅ PASSED: [tc_Leave_002_viewLeaveList] - Thời gian: 0s
2026-06-04 00:30:51.949 [main] INFO  com.orangehrm.utils.DriverManager - ✅ Đã đóng WebDriver
2026-06-04 00:30:51.950 [main] INFO  com.orangehrm.tests.BaseTest - 🧹 Teardown hoàn tất - WebDriver đã đóng
2026-06-04 00:30:51.950 [main] INFO  com.orangehrm.utils.DriverManager - 🚀 Khởi tạo chrome driver (headless=false)
2026-06-04 00:30:52.569 [main] INFO  com.orangehrm.utils.DriverManager - ✅ Khởi tạo driver thành công
2026-06-04 00:30:52.570 [main] INFO  com.orangehrm.tests.BaseTest - 🔧 Setup hoàn tất - WebDriver đã sẵn sàng
2026-06-04 00:30:55.507 [main] INFO  com.orangehrm.pages.BasePage - 🌐 Điều hướng đến: https://opensource-demo.orangehrmlive.com/web/index.php/auth/login
2026-06-04 00:30:57.509 [main] INFO  com.orangehrm.pages.BasePage - 📄 Mở trang đăng nhập OrangeHRM
2026-06-04 00:30:57.576 [main] INFO  com.orangehrm.pages.BasePage - 👤 Nhập username: Admin
2026-06-04 00:30:57.656 [main] INFO  com.orangehrm.pages.BasePage - 🔐 Nhập password
2026-06-04 00:31:08.932 [main] INFO  com.orangehrm.pages.BasePage - 🖱️ Click nút Login (expect: success)
2026-06-04 00:31:19.437 [main] INFO  com.orangehrm.pages.BasePage - 📌 Điều hướng đến module Leave
2026-06-04 00:31:30.956 [main] INFO  com.orangehrm.listeners.TestListener - ▶️ Bắt đầu test: [tc_Leave_003_filterLeaveByDateRange]
2026-06-04 00:31:30.957 [main] INFO  com.orangehrm.tests.BaseTest - 📋 Thiết lập ngày bắt đầu lọc
2026-06-04 00:31:41.000 [main] INFO  com.orangehrm.tests.BaseTest - 📋 Thiết lập ngày kết thúc lọc
2026-06-04 00:31:51.046 [main] INFO  com.orangehrm.tests.BaseTest - 📋 Click tìm kiếm
2026-06-04 00:32:01.715 [main] INFO  com.orangehrm.tests.BaseTest - 📋 Xác nhận tìm kiếm không gây lỗi
2026-06-04 00:32:01.720 [main] INFO  com.orangehrm.tests.BaseTest - ✅ TC_LEAVE_003 PASSED: Lọc theo ngày hoạt động bình thường
2026-06-04 00:32:01.720 [main] INFO  com.orangehrm.listeners.TestListener - ✅ PASSED: [tc_Leave_003_filterLeaveByDateRange] - Thời gian: 30s
2026-06-04 00:32:01.883 [main] INFO  com.orangehrm.utils.DriverManager - ✅ Đã đóng WebDriver
2026-06-04 00:32:01.883 [main] INFO  com.orangehrm.tests.BaseTest - 🧹 Teardown hoàn tất - WebDriver đã đóng
2026-06-04 00:32:01.884 [main] INFO  com.orangehrm.utils.DriverManager - 🚀 Khởi tạo chrome driver (headless=false)
2026-06-04 00:32:02.494 [main] INFO  com.orangehrm.utils.DriverManager - ✅ Khởi tạo driver thành công
2026-06-04 00:32:02.494 [main] INFO  com.orangehrm.tests.BaseTest - 🔧 Setup hoàn tất - WebDriver đã sẵn sàng
2026-06-04 00:32:05.829 [main] INFO  com.orangehrm.pages.BasePage - 🌐 Điều hướng đến: https://opensource-demo.orangehrmlive.com/web/index.php/auth/login
2026-06-04 00:32:07.832 [main] INFO  com.orangehrm.pages.BasePage - 📄 Mở trang đăng nhập OrangeHRM
2026-06-04 00:32:07.909 [main] INFO  com.orangehrm.pages.BasePage - 👤 Nhập username: Admin
2026-06-04 00:32:07.997 [main] INFO  com.orangehrm.pages.BasePage - 🔐 Nhập password
2026-06-04 00:32:19.202 [main] INFO  com.orangehrm.pages.BasePage - 🖱️ Click nút Login (expect: success)
2026-06-04 00:32:29.755 [main] INFO  com.orangehrm.pages.BasePage - 📌 Điều hướng đến module Leave
2026-06-04 00:32:40.709 [main] INFO  com.orangehrm.listeners.TestListener - ▶️ Bắt đầu test: [tc_Leave_004_resetLeaveFilter]
2026-06-04 00:32:40.709 [main] INFO  com.orangehrm.tests.BaseTest - 📋 Lọc theo ngày để thay đổi danh sách
2026-06-04 00:33:01.451 [main] INFO  com.orangehrm.tests.BaseTest - 📋 Reset bộ lọc
2026-06-04 00:33:12.088 [main] INFO  com.orangehrm.tests.BaseTest - 📋 Xác nhận trang Leave vẫn hiển thị sau reset
2026-06-04 00:33:12.092 [main] INFO  com.orangehrm.tests.BaseTest - ✅ TC_LEAVE_004 PASSED: Reset bộ lọc Leave thành công
2026-06-04 00:33:12.092 [main] INFO  com.orangehrm.listeners.TestListener - ✅ PASSED: [tc_Leave_004_resetLeaveFilter] - Thời gian: 31s
2026-06-04 00:33:12.257 [main] INFO  com.orangehrm.utils.DriverManager - ✅ Đã đóng WebDriver
2026-06-04 00:33:12.257 [main] INFO  com.orangehrm.tests.BaseTest - 🧹 Teardown hoàn tất - WebDriver đã đóng
2026-06-04 00:33:12.264 [main] INFO  com.orangehrm.listeners.TestListener - ╔════════════════════════════════════════╗
2026-06-04 00:33:12.264 [main] INFO  com.orangehrm.listeners.TestListener - ║           📊 KẾT QUẢ TEST SUITE        ║
2026-06-04 00:33:12.264 [main] INFO  com.orangehrm.listeners.TestListener - ╠════════════════════════════════════════╣
2026-06-04 00:33:12.264 [main] INFO  com.orangehrm.listeners.TestListener - ║  Tổng số test  : {:3d}                   ║
2026-06-04 00:33:12.264 [main] INFO  com.orangehrm.listeners.TestListener - ║  ✅ Passed      : {:3d}                   ║
2026-06-04 00:33:12.264 [main] INFO  com.orangehrm.listeners.TestListener - ║  ❌ Failed      : {:3d}                   ║
2026-06-04 00:33:12.264 [main] INFO  com.orangehrm.listeners.TestListener - ║  ⏭️ Skipped     : {:3d}                   ║
2026-06-04 00:33:12.264 [main] INFO  com.orangehrm.listeners.TestListener - ╚════════════════════════════════════════╝
2026-06-04 00:33:12.288 [main] INFO  com.orangehrm.utils.ExtentReportManager - 📊 Đã xuất báo cáo HTML
2026-06-04 11:49:12.647 [main] INFO  com.orangehrm.listeners.TestListener - ╔════════════════════════════════════════╗
2026-06-04 11:49:12.666 [main] INFO  com.orangehrm.listeners.TestListener - ║  🚀 BẮT ĐẦU TEST SUITE: Smoke Tests - Kiểm thử nhanh  ║
2026-06-04 11:49:12.668 [main] INFO  com.orangehrm.listeners.TestListener - ╚════════════════════════════════════════╝
2026-06-04 11:49:12.725 [main] INFO  com.orangehrm.utils.ConfigReader - ✅ Đã load cấu hình từ: src/test/resources/config.properties
2026-06-04 11:49:12.725 [main] INFO  com.orangehrm.utils.DriverManager - 🚀 Khởi tạo chrome driver (headless=false)
2026-06-04 11:49:15.612 [main] INFO  com.orangehrm.utils.DriverManager - ✅ Khởi tạo driver thành công
2026-06-04 11:49:15.636 [main] INFO  com.orangehrm.tests.BaseTest - 🔧 Setup hoàn tất - WebDriver đã sẵn sàng
2026-06-04 11:49:15.638 [main] INFO  com.orangehrm.listeners.TestListener - ▶️ Bắt đầu test: [tc_Login_001_loginSuccessWithValidCredentials]
2026-06-04 11:49:15.907 [main] INFO  com.orangehrm.utils.ExtentReportManager - 📊 Đã khởi tạo ExtentReports: reports/OrangeHRM_TestReport_20260604_114915.html
2026-06-04 11:49:15.925 [main] INFO  com.orangehrm.tests.BaseTest - 📋 Mở trang đăng nhập OrangeHRM
2026-06-04 11:49:19.955 [main] INFO  com.orangehrm.pages.BasePage - 🌐 Điều hướng đến: https://opensource-demo.orangehrmlive.com/web/index.php/auth/login
2026-06-04 11:49:21.966 [main] INFO  com.orangehrm.pages.BasePage - 📄 Mở trang đăng nhập OrangeHRM
2026-06-04 11:49:21.966 [main] INFO  com.orangehrm.tests.BaseTest - 📋 Xác nhận trang đăng nhập hiển thị
2026-06-04 11:49:23.047 [main] INFO  com.orangehrm.tests.BaseTest - 📋 Nhập username và password từ config (không hardcode)
2026-06-04 11:49:23.193 [main] INFO  com.orangehrm.pages.BasePage - 👤 Nhập username: Admin
2026-06-04 11:49:23.360 [main] INFO  com.orangehrm.pages.BasePage - 🔐 Nhập password
2026-06-04 11:49:23.361 [main] INFO  com.orangehrm.tests.BaseTest - 📋 Submit đăng nhập, kỳ vọng thành công
2026-06-04 11:49:34.905 [main] INFO  com.orangehrm.pages.BasePage - 🖱️ Click nút Login (expect: success)
2026-06-04 11:49:44.936 [main] INFO  com.orangehrm.tests.BaseTest - 📋 Xác nhận Dashboard hiển thị
2026-06-04 11:49:44.974 [main] INFO  com.orangehrm.tests.BaseTest - ✅ TC_LOGIN_001 PASSED: Đăng nhập Admin thành công
2026-06-04 11:49:44.978 [main] INFO  com.orangehrm.listeners.TestListener - ✅ PASSED: [tc_Login_001_loginSuccessWithValidCredentials] - Thời gian: 29s
2026-06-04 11:49:45.440 [main] INFO  com.orangehrm.utils.DriverManager - ✅ Đã đóng WebDriver
2026-06-04 11:49:45.441 [main] INFO  com.orangehrm.tests.BaseTest - 🧹 Teardown hoàn tất - WebDriver đã đóng
2026-06-04 11:49:45.445 [main] INFO  com.orangehrm.utils.DriverManager - 🚀 Khởi tạo chrome driver (headless=false)
2026-06-04 11:49:46.267 [main] INFO  com.orangehrm.utils.DriverManager - ✅ Khởi tạo driver thành công
2026-06-04 11:49:46.267 [main] INFO  com.orangehrm.tests.BaseTest - 🔧 Setup hoàn tất - WebDriver đã sẵn sàng
2026-06-04 11:49:46.268 [main] INFO  com.orangehrm.listeners.TestListener - ▶️ Bắt đầu test: [tc_Login_005_verifyLoginPageUIElements]
2026-06-04 11:49:46.270 [main] INFO  com.orangehrm.tests.BaseTest - 📋 Mở trang đăng nhập
2026-06-04 11:49:49.780 [main] INFO  com.orangehrm.pages.BasePage - 🌐 Điều hướng đến: https://opensource-demo.orangehrmlive.com/web/index.php/auth/login
2026-06-04 11:49:51.791 [main] INFO  com.orangehrm.pages.BasePage - 📄 Mở trang đăng nhập OrangeHRM
2026-06-04 11:49:51.792 [main] INFO  com.orangehrm.tests.BaseTest - 📋 Xác nhận form đăng nhập hiển thị đầy đủ (username + password + button)
2026-06-04 11:49:52.859 [main] INFO  com.orangehrm.tests.BaseTest - 📋 Xác nhận tiêu đề trang login
2026-06-04 11:49:52.913 [main] INFO  com.orangehrm.tests.BaseTest - ✅ TC_LOGIN_005 PASSED: Trang đăng nhập hiển thị đầy đủ các thành phần UI, tiêu đề: Login
2026-06-04 11:49:52.914 [main] INFO  com.orangehrm.listeners.TestListener - ✅ PASSED: [tc_Login_005_verifyLoginPageUIElements] - Thời gian: 6s
2026-06-04 11:49:53.151 [main] INFO  com.orangehrm.utils.DriverManager - ✅ Đã đóng WebDriver
2026-06-04 11:49:53.151 [main] INFO  com.orangehrm.tests.BaseTest - 🧹 Teardown hoàn tất - WebDriver đã đóng
2026-06-04 11:49:53.153 [main] INFO  com.orangehrm.utils.DriverManager - 🚀 Khởi tạo chrome driver (headless=false)
2026-06-04 11:49:53.943 [main] INFO  com.orangehrm.utils.DriverManager - ✅ Khởi tạo driver thành công
2026-06-04 11:49:53.943 [main] INFO  com.orangehrm.tests.BaseTest - 🔧 Setup hoàn tất - WebDriver đã sẵn sàng
2026-06-04 11:49:53.944 [main] INFO  com.orangehrm.listeners.TestListener - ▶️ Bắt đầu test: [tc_Login_007_logoutSuccessfully]
2026-06-04 11:49:53.945 [main] INFO  com.orangehrm.tests.BaseTest - 📋 Đăng nhập với tài khoản Admin từ config
2026-06-04 11:49:57.933 [main] INFO  com.orangehrm.pages.BasePage - 🌐 Điều hướng đến: https://opensource-demo.orangehrmlive.com/web/index.php/auth/login
2026-06-04 11:49:59.933 [main] INFO  com.orangehrm.pages.BasePage - 📄 Mở trang đăng nhập OrangeHRM
2026-06-04 11:50:00.061 [main] INFO  com.orangehrm.pages.BasePage - 👤 Nhập username: Admin
2026-06-04 11:50:00.179 [main] INFO  com.orangehrm.pages.BasePage - 🔐 Nhập password
2026-06-04 11:50:11.714 [main] INFO  com.orangehrm.pages.BasePage - 🖱️ Click nút Login (expect: success)
2026-06-04 11:50:21.770 [main] INFO  com.orangehrm.tests.BaseTest - 📋 Xác nhận đang ở Dashboard
2026-06-04 11:50:21.817 [main] INFO  com.orangehrm.tests.BaseTest - 📋 Thực hiện đăng xuất
2026-06-04 11:50:32.959 [main] INFO  com.orangehrm.pages.BasePage - 🚪 Đã đăng xuất
2026-06-04 11:50:32.960 [main] INFO  com.orangehrm.tests.BaseTest - 📋 Xác nhận đã quay về trang đăng nhập
2026-06-04 11:50:34.007 [main] INFO  com.orangehrm.tests.BaseTest - ✅ TC_LOGIN_007 PASSED: Đăng xuất thành công
2026-06-04 11:50:34.009 [main] INFO  com.orangehrm.listeners.TestListener - ✅ PASSED: [tc_Login_007_logoutSuccessfully] - Thời gian: 40s
2026-06-04 11:50:34.287 [main] INFO  com.orangehrm.utils.DriverManager - ✅ Đã đóng WebDriver
2026-06-04 11:50:34.287 [main] INFO  com.orangehrm.tests.BaseTest - 🧹 Teardown hoàn tất - WebDriver đã đóng
2026-06-04 11:50:34.290 [main] INFO  com.orangehrm.utils.DriverManager - 🚀 Khởi tạo chrome driver (headless=false)
2026-06-04 11:50:35.066 [main] INFO  com.orangehrm.utils.DriverManager - ✅ Khởi tạo driver thành công
2026-06-04 11:50:35.067 [main] INFO  com.orangehrm.tests.BaseTest - 🔧 Setup hoàn tất - WebDriver đã sẵn sàng
2026-06-04 11:50:38.295 [main] INFO  com.orangehrm.pages.BasePage - 🌐 Điều hướng đến: https://opensource-demo.orangehrmlive.com/web/index.php/auth/login
2026-06-04 11:50:40.308 [main] INFO  com.orangehrm.pages.BasePage - 📄 Mở trang đăng nhập OrangeHRM
2026-06-04 11:50:40.433 [main] INFO  com.orangehrm.pages.BasePage - 👤 Nhập username: Admin
2026-06-04 11:50:40.547 [main] INFO  com.orangehrm.pages.BasePage - 🔐 Nhập password
2026-06-04 11:50:51.853 [main] INFO  com.orangehrm.pages.BasePage - 🖱️ Click nút Login (expect: success)
2026-06-04 11:51:01.942 [main] INFO  com.orangehrm.listeners.TestListener - ▶️ Bắt đầu test: [tc_Dash_001_dashboardDisplayedAfterLogin]
2026-06-04 11:51:01.943 [main] INFO  com.orangehrm.tests.BaseTest - 📋 Xác nhận URL chứa 'dashboard'
2026-06-04 11:51:01.947 [main] INFO  com.orangehrm.tests.BaseTest - ✅ TC_DASH_001 PASSED: Dashboard hiển thị đúng
2026-06-04 11:51:01.948 [main] INFO  com.orangehrm.listeners.TestListener - ✅ PASSED: [tc_Dash_001_dashboardDisplayedAfterLogin] - Thời gian: 0s
2026-06-04 11:51:02.285 [main] INFO  com.orangehrm.utils.DriverManager - ✅ Đã đóng WebDriver
2026-06-04 11:51:02.286 [main] INFO  com.orangehrm.tests.BaseTest - 🧹 Teardown hoàn tất - WebDriver đã đóng
2026-06-04 11:51:02.287 [main] INFO  com.orangehrm.utils.DriverManager - 🚀 Khởi tạo chrome driver (headless=false)
2026-06-04 11:51:03.140 [main] INFO  com.orangehrm.utils.DriverManager - ✅ Khởi tạo driver thành công
2026-06-04 11:51:03.141 [main] INFO  com.orangehrm.tests.BaseTest - 🔧 Setup hoàn tất - WebDriver đã sẵn sàng
2026-06-04 11:51:06.391 [main] INFO  com.orangehrm.pages.BasePage - 🌐 Điều hướng đến: https://opensource-demo.orangehrmlive.com/web/index.php/auth/login
2026-06-04 11:51:08.408 [main] INFO  com.orangehrm.pages.BasePage - 📄 Mở trang đăng nhập OrangeHRM
2026-06-04 11:51:08.526 [main] INFO  com.orangehrm.pages.BasePage - 👤 Nhập username: Admin
2026-06-04 11:51:08.642 [main] INFO  com.orangehrm.pages.BasePage - 🔐 Nhập password
2026-06-04 11:51:19.974 [main] INFO  com.orangehrm.pages.BasePage - 🖱️ Click nút Login (expect: success)
2026-06-04 11:51:30.007 [main] INFO  com.orangehrm.listeners.TestListener - ▶️ Bắt đầu test: [tc_Dash_002_adminUsernameDisplayed]
2026-06-04 11:51:30.008 [main] INFO  com.orangehrm.tests.BaseTest - 📋 Lấy tên người dùng hiển thị trên thanh menu
2026-06-04 11:51:30.050 [main] INFO  com.orangehrm.tests.BaseTest - 📋 Xác nhận tên người dùng không rỗng
2026-06-04 11:51:30.051 [main] INFO  com.orangehrm.tests.BaseTest - ✅ TC_DASH_002 PASSED: Tên người dùng hiển thị: 李小龍 Nuñez
2026-06-04 11:51:30.051 [main] INFO  com.orangehrm.listeners.TestListener - ✅ PASSED: [tc_Dash_002_adminUsernameDisplayed] - Thời gian: 0s
2026-06-04 11:51:30.334 [main] INFO  com.orangehrm.utils.DriverManager - ✅ Đã đóng WebDriver
2026-06-04 11:51:30.334 [main] INFO  com.orangehrm.tests.BaseTest - 🧹 Teardown hoàn tất - WebDriver đã đóng
2026-06-04 11:51:30.335 [main] INFO  com.orangehrm.utils.DriverManager - 🚀 Khởi tạo chrome driver (headless=false)
2026-06-04 11:51:31.125 [main] INFO  com.orangehrm.utils.DriverManager - ✅ Khởi tạo driver thành công
2026-06-04 11:51:31.125 [main] INFO  com.orangehrm.tests.BaseTest - 🔧 Setup hoàn tất - WebDriver đã sẵn sàng
2026-06-04 11:51:34.610 [main] INFO  com.orangehrm.pages.BasePage - 🌐 Điều hướng đến: https://opensource-demo.orangehrmlive.com/web/index.php/auth/login
2026-06-04 11:51:36.616 [main] INFO  com.orangehrm.pages.BasePage - 📄 Mở trang đăng nhập OrangeHRM
2026-06-04 11:51:36.782 [main] INFO  com.orangehrm.pages.BasePage - 👤 Nhập username: Admin
2026-06-04 11:51:36.927 [main] INFO  com.orangehrm.pages.BasePage - 🔐 Nhập password
2026-06-04 11:51:48.685 [main] INFO  com.orangehrm.pages.BasePage - 🖱️ Click nút Login (expect: success)
2026-06-04 11:51:58.755 [main] INFO  com.orangehrm.listeners.TestListener - ▶️ Bắt đầu test: [tc_Dash_003_navigationMenuDisplayed]
2026-06-04 11:51:58.756 [main] INFO  com.orangehrm.tests.BaseTest - 📋 Kiểm tra menu Admin hiển thị
2026-06-04 11:51:58.818 [main] INFO  com.orangehrm.tests.BaseTest - 📋 Kiểm tra menu PIM hiển thị
2026-06-04 11:51:58.873 [main] INFO  com.orangehrm.tests.BaseTest - 📋 Kiểm tra menu Leave hiển thị
2026-06-04 11:51:58.931 [main] INFO  com.orangehrm.tests.BaseTest - 📋 Kiểm tra menu Time hiển thị
2026-06-04 11:51:58.998 [main] INFO  com.orangehrm.tests.BaseTest - ✅ TC_DASH_003 PASSED: Tất cả menu chính hiển thị đầy đủ
2026-06-04 11:51:58.999 [main] INFO  com.orangehrm.listeners.TestListener - ✅ PASSED: [tc_Dash_003_navigationMenuDisplayed] - Thời gian: 0s
2026-06-04 11:51:59.303 [main] INFO  com.orangehrm.utils.DriverManager - ✅ Đã đóng WebDriver
2026-06-04 11:51:59.303 [main] INFO  com.orangehrm.tests.BaseTest - 🧹 Teardown hoàn tất - WebDriver đã đóng
2026-06-04 11:51:59.305 [main] INFO  com.orangehrm.utils.DriverManager - 🚀 Khởi tạo chrome driver (headless=false)
2026-06-04 11:52:00.125 [main] INFO  com.orangehrm.utils.DriverManager - ✅ Khởi tạo driver thành công
2026-06-04 11:52:00.126 [main] INFO  com.orangehrm.tests.BaseTest - 🔧 Setup hoàn tất - WebDriver đã sẵn sàng
2026-06-04 11:52:03.732 [main] INFO  com.orangehrm.pages.BasePage - 🌐 Điều hướng đến: https://opensource-demo.orangehrmlive.com/web/index.php/auth/login
2026-06-04 11:52:05.737 [main] INFO  com.orangehrm.pages.BasePage - 📄 Mở trang đăng nhập OrangeHRM
2026-06-04 11:52:05.889 [main] INFO  com.orangehrm.pages.BasePage - 👤 Nhập username: Admin
2026-06-04 11:52:06.056 [main] INFO  com.orangehrm.pages.BasePage - 🔐 Nhập password
2026-06-04 11:52:17.813 [main] INFO  com.orangehrm.pages.BasePage - 🖱️ Click nút Login (expect: success)
2026-06-04 11:52:27.870 [main] INFO  com.orangehrm.listeners.TestListener - ▶️ Bắt đầu test: [tc_Emp_001_viewEmployeeList]
2026-06-04 11:52:27.871 [main] INFO  com.orangehrm.tests.BaseTest - 📋 Điều hướng đến module PIM - Danh sách nhân viên
2026-06-04 11:52:28.352 [main] INFO  com.orangehrm.pages.BasePage - 📌 Điều hướng đến module PIM
2026-06-04 11:52:39.879 [main] INFO  com.orangehrm.tests.BaseTest - 📋 Xác nhận trang danh sách nhân viên hiển thị
2026-06-04 11:52:39.884 [main] INFO  com.orangehrm.tests.BaseTest - 📋 Kiểm tra số lượng nhân viên > 0
2026-06-04 11:52:39.899 [main] INFO  com.orangehrm.tests.BaseTest - ✅ TC_EMP_001 PASSED: Danh sách hiển thị 50 nhân viên
2026-06-04 11:52:39.899 [main] INFO  com.orangehrm.listeners.TestListener - ✅ PASSED: [tc_Emp_001_viewEmployeeList] - Thời gian: 12s
2026-06-04 11:52:40.232 [main] INFO  com.orangehrm.utils.DriverManager - ✅ Đã đóng WebDriver
2026-06-04 11:52:40.232 [main] INFO  com.orangehrm.tests.BaseTest - 🧹 Teardown hoàn tất - WebDriver đã đóng
2026-06-04 11:52:40.233 [main] INFO  com.orangehrm.utils.DriverManager - 🚀 Khởi tạo chrome driver (headless=false)
2026-06-04 11:52:41.054 [main] INFO  com.orangehrm.utils.DriverManager - ✅ Khởi tạo driver thành công
2026-06-04 11:52:41.054 [main] INFO  com.orangehrm.tests.BaseTest - 🔧 Setup hoàn tất - WebDriver đã sẵn sàng
2026-06-04 11:52:44.126 [main] INFO  com.orangehrm.pages.BasePage - 🌐 Điều hướng đến: https://opensource-demo.orangehrmlive.com/web/index.php/auth/login
2026-06-04 11:52:46.127 [main] INFO  com.orangehrm.pages.BasePage - 📄 Mở trang đăng nhập OrangeHRM
2026-06-04 11:52:46.264 [main] INFO  com.orangehrm.pages.BasePage - 👤 Nhập username: Admin
2026-06-04 11:52:46.381 [main] INFO  com.orangehrm.pages.BasePage - 🔐 Nhập password
2026-06-04 11:52:57.730 [main] INFO  com.orangehrm.pages.BasePage - 🖱️ Click nút Login (expect: success)
2026-06-04 11:53:08.275 [main] INFO  com.orangehrm.pages.BasePage - 📌 Điều hướng đến module Admin
2026-06-04 11:53:19.240 [main] INFO  com.orangehrm.listeners.TestListener - ▶️ Bắt đầu test: [tc_Admin_001_accessAdminModule]
2026-06-04 11:53:19.240 [main] INFO  com.orangehrm.tests.BaseTest - 📋 Xác nhận module Admin đã mở
2026-06-04 11:53:19.248 [main] INFO  com.orangehrm.tests.BaseTest - ✅ TC_ADMIN_001 PASSED: Module Admin truy cập thành công
2026-06-04 11:53:19.250 [main] INFO  com.orangehrm.listeners.TestListener - ✅ PASSED: [tc_Admin_001_accessAdminModule] - Thời gian: 0s
2026-06-04 11:53:19.545 [main] INFO  com.orangehrm.utils.DriverManager - ✅ Đã đóng WebDriver
2026-06-04 11:53:19.545 [main] INFO  com.orangehrm.tests.BaseTest - 🧹 Teardown hoàn tất - WebDriver đã đóng
2026-06-04 11:53:19.546 [main] INFO  com.orangehrm.utils.DriverManager - 🚀 Khởi tạo chrome driver (headless=false)
2026-06-04 11:53:20.351 [main] INFO  com.orangehrm.utils.DriverManager - ✅ Khởi tạo driver thành công
2026-06-04 11:53:20.351 [main] INFO  com.orangehrm.tests.BaseTest - 🔧 Setup hoàn tất - WebDriver đã sẵn sàng
2026-06-04 11:53:23.643 [main] INFO  com.orangehrm.pages.BasePage - 🌐 Điều hướng đến: https://opensource-demo.orangehrmlive.com/web/index.php/auth/login
2026-06-04 11:53:25.647 [main] INFO  com.orangehrm.pages.BasePage - 📄 Mở trang đăng nhập OrangeHRM
2026-06-04 11:53:25.767 [main] INFO  com.orangehrm.pages.BasePage - 👤 Nhập username: Admin
2026-06-04 11:53:25.891 [main] INFO  com.orangehrm.pages.BasePage - 🔐 Nhập password
2026-06-04 11:53:37.635 [main] INFO  com.orangehrm.pages.BasePage - 🖱️ Click nút Login (expect: success)
2026-06-04 11:53:48.293 [main] INFO  com.orangehrm.pages.BasePage - 📌 Điều hướng đến module Leave
2026-06-04 11:53:49.474 [main] INFO  com.orangehrm.listeners.TestListener - ▶️ Bắt đầu test: [tc_Leave_001_accessLeaveModule]
2026-06-04 11:53:49.475 [main] INFO  com.orangehrm.tests.BaseTest - 📋 Xác nhận trang Leave List hiển thị
2026-06-04 11:53:49.482 [main] INFO  com.orangehrm.tests.BaseTest - ✅ TC_LEAVE_001 PASSED: Truy cập module Leave thành công
2026-06-04 11:53:49.483 [main] INFO  com.orangehrm.listeners.TestListener - ✅ PASSED: [tc_Leave_001_accessLeaveModule] - Thời gian: 0s
2026-06-04 11:53:49.774 [main] INFO  com.orangehrm.utils.DriverManager - ✅ Đã đóng WebDriver
2026-06-04 11:53:49.775 [main] INFO  com.orangehrm.tests.BaseTest - 🧹 Teardown hoàn tất - WebDriver đã đóng
2026-06-04 11:53:49.802 [main] INFO  com.orangehrm.listeners.TestListener - ╔════════════════════════════════════════╗
2026-06-04 11:53:49.803 [main] INFO  com.orangehrm.listeners.TestListener - ║           📊 KẾT QUẢ TEST SUITE        ║
2026-06-04 11:53:49.803 [main] INFO  com.orangehrm.listeners.TestListener - ╠════════════════════════════════════════╣
2026-06-04 11:53:49.803 [main] INFO  com.orangehrm.listeners.TestListener - ║  Tổng số test  : {:3d}                   ║
2026-06-04 11:53:49.803 [main] INFO  com.orangehrm.listeners.TestListener - ║  ✅ Passed      : {:3d}                   ║
2026-06-04 11:53:49.803 [main] INFO  com.orangehrm.listeners.TestListener - ║  ❌ Failed      : {:3d}                   ║
2026-06-04 11:53:49.803 [main] INFO  com.orangehrm.listeners.TestListener - ║  ⏭️ Skipped     : {:3d}                   ║
2026-06-04 11:53:49.803 [main] INFO  com.orangehrm.listeners.TestListener - ╚════════════════════════════════════════╝
2026-06-04 11:53:50.186 [main] INFO  com.orangehrm.utils.ExtentReportManager - 📊 Đã xuất báo cáo HTML
2026-06-04 11:53:50.189 [main] INFO  com.orangehrm.listeners.TestListener - ╔════════════════════════════════════════╗
2026-06-04 11:53:50.189 [main] INFO  com.orangehrm.listeners.TestListener - ║  🚀 BẮT ĐẦU TEST SUITE: Regression Tests - Kiểm thử hồi quy  ║
2026-06-04 11:53:50.189 [main] INFO  com.orangehrm.listeners.TestListener - ╚════════════════════════════════════════╝
2026-06-04 11:53:50.192 [main] INFO  com.orangehrm.utils.DriverManager - 🚀 Khởi tạo chrome driver (headless=false)
2026-06-04 11:53:50.992 [main] INFO  com.orangehrm.utils.DriverManager - ✅ Khởi tạo driver thành công
2026-06-04 11:53:50.993 [main] INFO  com.orangehrm.tests.BaseTest - 🔧 Setup hoàn tất - WebDriver đã sẵn sàng
2026-06-04 11:53:50.993 [main] INFO  com.orangehrm.listeners.TestListener - ▶️ Bắt đầu test: [tc_Login_001_loginSuccessWithValidCredentials]
2026-06-04 11:53:50.994 [main] INFO  com.orangehrm.tests.BaseTest - 📋 Mở trang đăng nhập OrangeHRM
2026-06-04 11:53:54.736 [main] INFO  com.orangehrm.pages.BasePage - 🌐 Điều hướng đến: https://opensource-demo.orangehrmlive.com/web/index.php/auth/login
2026-06-04 11:53:56.741 [main] INFO  com.orangehrm.pages.BasePage - 📄 Mở trang đăng nhập OrangeHRM
2026-06-04 11:53:56.741 [main] INFO  com.orangehrm.tests.BaseTest - 📋 Xác nhận trang đăng nhập hiển thị
2026-06-04 11:53:57.825 [main] INFO  com.orangehrm.tests.BaseTest - 📋 Nhập username và password từ config (không hardcode)
2026-06-04 11:53:57.999 [main] INFO  com.orangehrm.pages.BasePage - 👤 Nhập username: Admin
2026-06-04 11:53:58.159 [main] INFO  com.orangehrm.pages.BasePage - 🔐 Nhập password
2026-06-04 11:53:58.160 [main] INFO  com.orangehrm.tests.BaseTest - 📋 Submit đăng nhập, kỳ vọng thành công
2026-06-04 11:54:09.682 [main] INFO  com.orangehrm.pages.BasePage - 🖱️ Click nút Login (expect: success)
2026-06-04 11:54:19.746 [main] INFO  com.orangehrm.tests.BaseTest - 📋 Xác nhận Dashboard hiển thị
2026-06-04 11:54:19.773 [main] INFO  com.orangehrm.tests.BaseTest - ✅ TC_LOGIN_001 PASSED: Đăng nhập Admin thành công
2026-06-04 11:54:19.774 [main] INFO  com.orangehrm.listeners.TestListener - ✅ PASSED: [tc_Login_001_loginSuccessWithValidCredentials] - Thời gian: 28s
2026-06-04 11:54:20.103 [main] INFO  com.orangehrm.utils.DriverManager - ✅ Đã đóng WebDriver
2026-06-04 11:54:20.104 [main] INFO  com.orangehrm.tests.BaseTest - 🧹 Teardown hoàn tất - WebDriver đã đóng
2026-06-04 11:54:20.105 [main] INFO  com.orangehrm.utils.DriverManager - 🚀 Khởi tạo chrome driver (headless=false)
2026-06-04 11:54:20.904 [main] INFO  com.orangehrm.utils.DriverManager - ✅ Khởi tạo driver thành công
2026-06-04 11:54:20.905 [main] INFO  com.orangehrm.tests.BaseTest - 🔧 Setup hoàn tất - WebDriver đã sẵn sàng
2026-06-04 11:54:20.906 [main] INFO  com.orangehrm.listeners.TestListener - ▶️ Bắt đầu test: [tc_Login_002_loginFailWithWrongPassword]
2026-06-04 11:54:20.907 [main] INFO  com.orangehrm.tests.BaseTest - 📋 Đăng nhập với đúng username nhưng sai password
2026-06-04 11:54:24.739 [main] INFO  com.orangehrm.pages.BasePage - 🌐 Điều hướng đến: https://opensource-demo.orangehrmlive.com/web/index.php/auth/login
2026-06-04 11:54:26.743 [main] INFO  com.orangehrm.pages.BasePage - 📄 Mở trang đăng nhập OrangeHRM
2026-06-04 11:54:26.899 [main] INFO  com.orangehrm.pages.BasePage - 👤 Nhập username: Admin
2026-06-04 11:54:27.057 [main] INFO  com.orangehrm.pages.BasePage - 🔐 Nhập password
2026-06-04 11:54:29.120 [main] INFO  com.orangehrm.pages.BasePage - 🖱️ Click nút Login (expect: fail)
2026-06-04 11:54:29.121 [main] INFO  com.orangehrm.tests.BaseTest - 📋 Xác nhận thông báo lỗi xuất hiện
2026-06-04 11:54:29.148 [main] INFO  com.orangehrm.tests.BaseTest - 📋 Kiểm tra nội dung thông báo lỗi
2026-06-04 11:54:29.236 [main] INFO  com.orangehrm.tests.BaseTest - ✅ TC_LOGIN_002 PASSED: Hệ thống hiển thị lỗi khi mật khẩu sai
2026-06-04 11:54:29.237 [main] INFO  com.orangehrm.listeners.TestListener - ✅ PASSED: [tc_Login_002_loginFailWithWrongPassword] - Thời gian: 8s
2026-06-04 11:54:29.537 [main] INFO  com.orangehrm.utils.DriverManager - ✅ Đã đóng WebDriver
2026-06-04 11:54:29.538 [main] INFO  com.orangehrm.tests.BaseTest - 🧹 Teardown hoàn tất - WebDriver đã đóng
2026-06-04 11:54:29.539 [main] INFO  com.orangehrm.utils.DriverManager - 🚀 Khởi tạo chrome driver (headless=false)
2026-06-04 11:54:30.365 [main] INFO  com.orangehrm.utils.DriverManager - ✅ Khởi tạo driver thành công
2026-06-04 11:54:30.366 [main] INFO  com.orangehrm.tests.BaseTest - 🔧 Setup hoàn tất - WebDriver đã sẵn sàng
2026-06-04 11:54:30.367 [main] INFO  com.orangehrm.listeners.TestListener - ▶️ Bắt đầu test: [tc_Login_003_loginFailWithInvalidUsername]
2026-06-04 11:54:30.367 [main] INFO  com.orangehrm.tests.BaseTest - 📋 Đăng nhập với username không tồn tại trong hệ thống
2026-06-04 11:54:35.186 [main] INFO  com.orangehrm.pages.BasePage - 🌐 Điều hướng đến: https://opensource-demo.orangehrmlive.com/web/index.php/auth/login
2026-06-04 11:54:37.189 [main] INFO  com.orangehrm.pages.BasePage - 📄 Mở trang đăng nhập OrangeHRM
2026-06-04 11:54:37.339 [main] INFO  com.orangehrm.pages.BasePage - 👤 Nhập username: InvalidUser_XYZ_999
2026-06-04 11:54:37.500 [main] INFO  com.orangehrm.pages.BasePage - 🔐 Nhập password
2026-06-04 11:54:40.492 [main] INFO  com.orangehrm.pages.BasePage - 🖱️ Click nút Login (expect: fail)
2026-06-04 11:54:40.492 [main] INFO  com.orangehrm.tests.BaseTest - 📋 Xác nhận thông báo lỗi xuất hiện
2026-06-04 11:54:40.561 [main] INFO  com.orangehrm.tests.BaseTest - ✅ TC_LOGIN_003 PASSED: Hệ thống từ chối username không hợp lệ
2026-06-04 11:54:40.561 [main] INFO  com.orangehrm.listeners.TestListener - ✅ PASSED: [tc_Login_003_loginFailWithInvalidUsername] - Thời gian: 10s
2026-06-04 11:54:40.866 [main] INFO  com.orangehrm.utils.DriverManager - ✅ Đã đóng WebDriver
2026-06-04 11:54:40.866 [main] INFO  com.orangehrm.tests.BaseTest - 🧹 Teardown hoàn tất - WebDriver đã đóng
2026-06-04 11:54:40.869 [main] INFO  com.orangehrm.utils.DriverManager - 🚀 Khởi tạo chrome driver (headless=false)
2026-06-04 11:54:41.657 [main] INFO  com.orangehrm.utils.DriverManager - ✅ Khởi tạo driver thành công
2026-06-04 11:54:41.658 [main] INFO  com.orangehrm.tests.BaseTest - 🔧 Setup hoàn tất - WebDriver đã sẵn sàng
2026-06-04 11:54:41.658 [main] INFO  com.orangehrm.listeners.TestListener - ▶️ Bắt đầu test: [tc_Login_004_loginWithEmptyCredentials]
2026-06-04 11:54:41.659 [main] INFO  com.orangehrm.tests.BaseTest - 📋 Mở trang đăng nhập
2026-06-04 11:54:45.147 [main] INFO  com.orangehrm.pages.BasePage - 🌐 Điều hướng đến: https://opensource-demo.orangehrmlive.com/web/index.php/auth/login
2026-06-04 11:54:47.152 [main] INFO  com.orangehrm.pages.BasePage - 📄 Mở trang đăng nhập OrangeHRM
2026-06-04 11:54:47.153 [main] INFO  com.orangehrm.tests.BaseTest - 📋 Bỏ trống cả username và password, submit thất bại
2026-06-04 11:54:47.270 [main] INFO  com.orangehrm.pages.BasePage - 👤 Nhập username: 
2026-06-04 11:54:47.421 [main] INFO  com.orangehrm.pages.BasePage - 🔐 Nhập password
2026-06-04 11:54:47.609 [main] INFO  com.orangehrm.pages.BasePage - 🖱️ Click nút Login (expect: fail)
2026-06-04 11:54:47.610 [main] INFO  com.orangehrm.tests.BaseTest - 📋 Xác nhận vẫn ở trang đăng nhập (không chuyển sang Dashboard)
2026-06-04 11:54:48.650 [main] INFO  com.orangehrm.tests.BaseTest - ✅ TC_LOGIN_004 PASSED: Hệ thống không cho phép đăng nhập khi thông tin trống
2026-06-04 11:54:48.651 [main] INFO  com.orangehrm.listeners.TestListener - ✅ PASSED: [tc_Login_004_loginWithEmptyCredentials] - Thời gian: 6s
2026-06-04 11:54:48.916 [main] INFO  com.orangehrm.utils.DriverManager - ✅ Đã đóng WebDriver
2026-06-04 11:54:48.916 [main] INFO  com.orangehrm.tests.BaseTest - 🧹 Teardown hoàn tất - WebDriver đã đóng
2026-06-04 11:54:48.917 [main] INFO  com.orangehrm.utils.DriverManager - 🚀 Khởi tạo chrome driver (headless=false)
2026-06-04 11:54:49.726 [main] INFO  com.orangehrm.utils.DriverManager - ✅ Khởi tạo driver thành công
2026-06-04 11:54:49.727 [main] INFO  com.orangehrm.tests.BaseTest - 🔧 Setup hoàn tất - WebDriver đã sẵn sàng
2026-06-04 11:54:49.727 [main] INFO  com.orangehrm.listeners.TestListener - ▶️ Bắt đầu test: [tc_Login_006_loginUsernameIsCaseInsensitive]
2026-06-04 11:54:49.728 [main] INFO  com.orangehrm.tests.BaseTest - 📋 Đăng nhập với username chữ thường 'admin' (OrangeHRM không phân biệt hoa/thường)
2026-06-04 11:54:53.903 [main] INFO  com.orangehrm.pages.BasePage - 🌐 Điều hướng đến: https://opensource-demo.orangehrmlive.com/web/index.php/auth/login
2026-06-04 11:54:55.910 [main] INFO  com.orangehrm.pages.BasePage - 📄 Mở trang đăng nhập OrangeHRM
2026-06-04 11:54:56.054 [main] INFO  com.orangehrm.pages.BasePage - 👤 Nhập username: admin
2026-06-04 11:54:56.171 [main] INFO  com.orangehrm.pages.BasePage - 🔐 Nhập password
2026-06-04 11:55:07.540 [main] INFO  com.orangehrm.pages.BasePage - 🖱️ Click nút Login (expect: success)
2026-06-04 11:55:17.582 [main] INFO  com.orangehrm.tests.BaseTest - 📋 Xác nhận đăng nhập thành công → Dashboard hiển thị
2026-06-04 11:55:17.603 [main] INFO  com.orangehrm.tests.BaseTest - ✅ TC_LOGIN_006 PASSED: Đăng nhập với 'admin' (chữ thường) thành công
2026-06-04 11:55:17.604 [main] INFO  com.orangehrm.listeners.TestListener - ✅ PASSED: [tc_Login_006_loginUsernameIsCaseInsensitive] - Thời gian: 27s
2026-06-04 11:55:17.917 [main] INFO  com.orangehrm.utils.DriverManager - ✅ Đã đóng WebDriver
2026-06-04 11:55:17.917 [main] INFO  com.orangehrm.tests.BaseTest - 🧹 Teardown hoàn tất - WebDriver đã đóng
2026-06-04 11:55:17.918 [main] INFO  com.orangehrm.utils.DriverManager - 🚀 Khởi tạo chrome driver (headless=false)
2026-06-04 11:55:18.714 [main] INFO  com.orangehrm.utils.DriverManager - ✅ Khởi tạo driver thành công
2026-06-04 11:55:18.715 [main] INFO  com.orangehrm.tests.BaseTest - 🔧 Setup hoàn tất - WebDriver đã sẵn sàng
2026-06-04 11:55:18.716 [main] INFO  com.orangehrm.listeners.TestListener - ▶️ Bắt đầu test: [tc_Login_007_logoutSuccessfully]
2026-06-04 11:55:18.716 [main] INFO  com.orangehrm.tests.BaseTest - 📋 Đăng nhập với tài khoản Admin từ config
2026-06-04 11:55:22.574 [main] INFO  com.orangehrm.pages.BasePage - 🌐 Điều hướng đến: https://opensource-demo.orangehrmlive.com/web/index.php/auth/login
2026-06-04 11:55:24.589 [main] INFO  com.orangehrm.pages.BasePage - 📄 Mở trang đăng nhập OrangeHRM
2026-06-04 11:55:24.712 [main] INFO  com.orangehrm.pages.BasePage - 👤 Nhập username: Admin
2026-06-04 11:55:24.826 [main] INFO  com.orangehrm.pages.BasePage - 🔐 Nhập password
2026-06-04 11:55:36.916 [main] INFO  com.orangehrm.pages.BasePage - 🖱️ Click nút Login (expect: success)
2026-06-04 11:55:46.963 [main] INFO  com.orangehrm.tests.BaseTest - 📋 Xác nhận đang ở Dashboard
2026-06-04 11:55:46.985 [main] INFO  com.orangehrm.tests.BaseTest - 📋 Thực hiện đăng xuất
2026-06-04 11:55:58.638 [main] INFO  com.orangehrm.pages.BasePage - 🚪 Đã đăng xuất
2026-06-04 11:55:58.638 [main] INFO  com.orangehrm.tests.BaseTest - 📋 Xác nhận đã quay về trang đăng nhập
2026-06-04 11:55:59.682 [main] INFO  com.orangehrm.tests.BaseTest - ✅ TC_LOGIN_007 PASSED: Đăng xuất thành công
2026-06-04 11:55:59.682 [main] INFO  com.orangehrm.listeners.TestListener - ✅ PASSED: [tc_Login_007_logoutSuccessfully] - Thời gian: 40s
2026-06-04 11:56:00.020 [main] INFO  com.orangehrm.utils.DriverManager - ✅ Đã đóng WebDriver
2026-06-04 11:56:00.021 [main] INFO  com.orangehrm.tests.BaseTest - 🧹 Teardown hoàn tất - WebDriver đã đóng
2026-06-04 11:56:00.022 [main] INFO  com.orangehrm.utils.DriverManager - 🚀 Khởi tạo chrome driver (headless=false)
2026-06-04 11:56:00.820 [main] INFO  com.orangehrm.utils.DriverManager - ✅ Khởi tạo driver thành công
2026-06-04 11:56:00.821 [main] INFO  com.orangehrm.tests.BaseTest - 🔧 Setup hoàn tất - WebDriver đã sẵn sàng
2026-06-04 11:56:00.821 [main] INFO  com.orangehrm.listeners.TestListener - ▶️ Bắt đầu test: [tc_Login_008_accessDashboardWithoutLogin]
2026-06-04 11:56:00.822 [main] INFO  com.orangehrm.tests.BaseTest - 📋 Trực tiếp truy cập URL Dashboard mà không qua đăng nhập
2026-06-04 11:56:06.591 [main] INFO  com.orangehrm.pages.BasePage - 🌐 Điều hướng đến: https://opensource-demo.orangehrmlive.com/web/index.php/auth/login
2026-06-04 11:56:08.602 [main] INFO  com.orangehrm.pages.BasePage - 📄 Mở trang đăng nhập OrangeHRM
2026-06-04 11:56:09.455 [main] INFO  com.orangehrm.pages.BasePage - 🌐 Điều hướng đến: https://opensource-demo.orangehrmlive.com/web/index.php/dashboard/index
2026-06-04 11:56:09.455 [main] INFO  com.orangehrm.tests.BaseTest - 📋 Xác nhận bị redirect về trang đăng nhập
2026-06-04 11:56:09.461 [main] INFO  com.orangehrm.tests.BaseTest - ✅ TC_LOGIN_008 PASSED: Dashboard được bảo vệ, redirect về login đúng cách
2026-06-04 11:56:09.462 [main] INFO  com.orangehrm.listeners.TestListener - ✅ PASSED: [tc_Login_008_accessDashboardWithoutLogin] - Thời gian: 8s
2026-06-04 11:56:09.681 [main] INFO  com.orangehrm.utils.DriverManager - ✅ Đã đóng WebDriver
2026-06-04 11:56:09.681 [main] INFO  com.orangehrm.tests.BaseTest - 🧹 Teardown hoàn tất - WebDriver đã đóng
2026-06-04 11:56:09.683 [main] INFO  com.orangehrm.utils.DriverManager - 🚀 Khởi tạo chrome driver (headless=false)
2026-06-04 11:56:10.554 [main] INFO  com.orangehrm.utils.DriverManager - ✅ Khởi tạo driver thành công
2026-06-04 11:56:10.555 [main] INFO  com.orangehrm.tests.BaseTest - 🔧 Setup hoàn tất - WebDriver đã sẵn sàng
2026-06-04 11:56:13.858 [main] INFO  com.orangehrm.pages.BasePage - 🌐 Điều hướng đến: https://opensource-demo.orangehrmlive.com/web/index.php/auth/login
2026-06-04 11:56:15.863 [main] INFO  com.orangehrm.pages.BasePage - 📄 Mở trang đăng nhập OrangeHRM
2026-06-04 11:56:15.980 [main] INFO  com.orangehrm.pages.BasePage - 👤 Nhập username: Admin
2026-06-04 11:56:16.117 [main] INFO  com.orangehrm.pages.BasePage - 🔐 Nhập password
2026-06-04 11:56:27.402 [main] INFO  com.orangehrm.pages.BasePage - 🖱️ Click nút Login (expect: success)
2026-06-04 11:56:37.473 [main] INFO  com.orangehrm.listeners.TestListener - ▶️ Bắt đầu test: [tc_Dash_003_navigationMenuDisplayed]
2026-06-04 11:56:37.474 [main] INFO  com.orangehrm.tests.BaseTest - 📋 Kiểm tra menu Admin hiển thị
2026-06-04 11:56:37.532 [main] INFO  com.orangehrm.tests.BaseTest - 📋 Kiểm tra menu PIM hiển thị
2026-06-04 11:56:37.586 [main] INFO  com.orangehrm.tests.BaseTest - 📋 Kiểm tra menu Leave hiển thị
2026-06-04 11:56:37.644 [main] INFO  com.orangehrm.tests.BaseTest - 📋 Kiểm tra menu Time hiển thị
2026-06-04 11:56:37.716 [main] INFO  com.orangehrm.tests.BaseTest - ✅ TC_DASH_003 PASSED: Tất cả menu chính hiển thị đầy đủ
2026-06-04 11:56:37.717 [main] INFO  com.orangehrm.listeners.TestListener - ✅ PASSED: [tc_Dash_003_navigationMenuDisplayed] - Thời gian: 0s
2026-06-04 11:56:37.994 [main] INFO  com.orangehrm.utils.DriverManager - ✅ Đã đóng WebDriver
2026-06-04 11:56:37.994 [main] INFO  com.orangehrm.tests.BaseTest - 🧹 Teardown hoàn tất - WebDriver đã đóng
2026-06-04 11:56:37.995 [main] INFO  com.orangehrm.utils.DriverManager - 🚀 Khởi tạo chrome driver (headless=false)
2026-06-04 11:56:38.790 [main] INFO  com.orangehrm.utils.DriverManager - ✅ Khởi tạo driver thành công
2026-06-04 11:56:38.791 [main] INFO  com.orangehrm.tests.BaseTest - 🔧 Setup hoàn tất - WebDriver đã sẵn sàng
2026-06-04 11:56:42.034 [main] INFO  com.orangehrm.pages.BasePage - 🌐 Điều hướng đến: https://opensource-demo.orangehrmlive.com/web/index.php/auth/login
2026-06-04 11:56:44.048 [main] INFO  com.orangehrm.pages.BasePage - 📄 Mở trang đăng nhập OrangeHRM
2026-06-04 11:56:44.188 [main] INFO  com.orangehrm.pages.BasePage - 👤 Nhập username: Admin
2026-06-04 11:56:44.308 [main] INFO  com.orangehrm.pages.BasePage - 🔐 Nhập password
2026-06-04 11:56:56.152 [main] INFO  com.orangehrm.pages.BasePage - 🖱️ Click nút Login (expect: success)
2026-06-04 11:57:06.207 [main] INFO  com.orangehrm.listeners.TestListener - ▶️ Bắt đầu test: [tc_Dash_004_dashboardWidgetsDisplayed]
2026-06-04 11:57:06.208 [main] INFO  com.orangehrm.tests.BaseTest - 📋 Kiểm tra số lượng widget trên Dashboard
2026-06-04 11:57:06.220 [main] INFO  com.orangehrm.tests.BaseTest - ✅ TC_DASH_004 PASSED: Dashboard hiển thị 14 widget(s)
2026-06-04 11:57:06.220 [main] INFO  com.orangehrm.listeners.TestListener - ✅ PASSED: [tc_Dash_004_dashboardWidgetsDisplayed] - Thời gian: 0s
2026-06-04 11:57:06.523 [main] INFO  com.orangehrm.utils.DriverManager - ✅ Đã đóng WebDriver
2026-06-04 11:57:06.523 [main] INFO  com.orangehrm.tests.BaseTest - 🧹 Teardown hoàn tất - WebDriver đã đóng
2026-06-04 11:57:06.525 [main] INFO  com.orangehrm.utils.DriverManager - 🚀 Khởi tạo chrome driver (headless=false)
2026-06-04 11:57:07.299 [main] INFO  com.orangehrm.utils.DriverManager - ✅ Khởi tạo driver thành công
2026-06-04 11:57:07.300 [main] INFO  com.orangehrm.tests.BaseTest - 🔧 Setup hoàn tất - WebDriver đã sẵn sàng
2026-06-04 11:57:11.666 [main] INFO  com.orangehrm.pages.BasePage - 🌐 Điều hướng đến: https://opensource-demo.orangehrmlive.com/web/index.php/auth/login
2026-06-04 11:57:13.671 [main] INFO  com.orangehrm.pages.BasePage - 📄 Mở trang đăng nhập OrangeHRM
2026-06-04 11:57:13.818 [main] INFO  com.orangehrm.pages.BasePage - 👤 Nhập username: Admin
2026-06-04 11:57:13.970 [main] INFO  com.orangehrm.pages.BasePage - 🔐 Nhập password
2026-06-04 11:57:26.542 [main] INFO  com.orangehrm.pages.BasePage - 🖱️ Click nút Login (expect: success)
2026-06-04 11:57:36.608 [main] INFO  com.orangehrm.listeners.TestListener - ▶️ Bắt đầu test: [tc_Emp_001_viewEmployeeList]
2026-06-04 11:57:36.609 [main] INFO  com.orangehrm.tests.BaseTest - 📋 Điều hướng đến module PIM - Danh sách nhân viên
2026-06-04 11:57:37.107 [main] INFO  com.orangehrm.pages.BasePage - 📌 Điều hướng đến module PIM
2026-06-04 11:57:49.118 [main] INFO  com.orangehrm.tests.BaseTest - 📋 Xác nhận trang danh sách nhân viên hiển thị
2026-06-04 11:57:49.125 [main] INFO  com.orangehrm.tests.BaseTest - 📋 Kiểm tra số lượng nhân viên > 0
2026-06-04 11:57:49.141 [main] INFO  com.orangehrm.tests.BaseTest - ✅ TC_EMP_001 PASSED: Danh sách hiển thị 50 nhân viên
2026-06-04 11:57:49.142 [main] INFO  com.orangehrm.listeners.TestListener - ✅ PASSED: [tc_Emp_001_viewEmployeeList] - Thời gian: 12s
2026-06-04 11:57:49.474 [main] INFO  com.orangehrm.utils.DriverManager - ✅ Đã đóng WebDriver
2026-06-04 11:57:49.474 [main] INFO  com.orangehrm.tests.BaseTest - 🧹 Teardown hoàn tất - WebDriver đã đóng
2026-06-04 11:57:49.475 [main] INFO  com.orangehrm.utils.DriverManager - 🚀 Khởi tạo chrome driver (headless=false)
2026-06-04 11:57:50.279 [main] INFO  com.orangehrm.utils.DriverManager - ✅ Khởi tạo driver thành công
2026-06-04 11:57:50.280 [main] INFO  com.orangehrm.tests.BaseTest - 🔧 Setup hoàn tất - WebDriver đã sẵn sàng
2026-06-04 11:57:53.445 [main] INFO  com.orangehrm.pages.BasePage - 🌐 Điều hướng đến: https://opensource-demo.orangehrmlive.com/web/index.php/auth/login
2026-06-04 11:57:55.455 [main] INFO  com.orangehrm.pages.BasePage - 📄 Mở trang đăng nhập OrangeHRM
2026-06-04 11:57:55.580 [main] INFO  com.orangehrm.pages.BasePage - 👤 Nhập username: Admin
2026-06-04 11:57:55.698 [main] INFO  com.orangehrm.pages.BasePage - 🔐 Nhập password
2026-06-04 11:58:07.339 [main] INFO  com.orangehrm.pages.BasePage - 🖱️ Click nút Login (expect: success)
2026-06-04 11:58:17.397 [main] INFO  com.orangehrm.listeners.TestListener - ▶️ Bắt đầu test: [tc_Emp_002_addNewEmployeeSuccessfully]
2026-06-04 11:58:17.398 [main] INFO  com.orangehrm.tests.BaseTest - 📋 Điều hướng đến PIM
2026-06-04 11:58:17.882 [main] INFO  com.orangehrm.pages.BasePage - 📌 Điều hướng đến module PIM
2026-06-04 11:58:29.399 [main] INFO  com.orangehrm.tests.BaseTest - 📋 Click nút Add Employee
2026-06-04 11:58:40.333 [main] INFO  com.orangehrm.pages.BasePage - ➕ Click thêm nhân viên mới
2026-06-04 11:58:50.350 [main] INFO  com.orangehrm.tests.BaseTest - 📋 Xác nhận form thêm nhân viên hiển thị
2026-06-04 11:58:50.356 [main] INFO  com.orangehrm.tests.BaseTest - 📋 Điền thông tin nhân viên: Test AutoUser356
2026-06-04 11:58:50.642 [main] INFO  com.orangehrm.pages.BasePage - 📝 Điền thông tin: Test  AutoUser356
2026-06-04 11:58:50.643 [main] INFO  com.orangehrm.tests.BaseTest - 📋 Lưu thông tin nhân viên
2026-06-04 11:59:09.480 [main] INFO  com.orangehrm.pages.BasePage - 💾 Đã lưu thông tin nhân viên
2026-06-04 11:59:09.481 [main] INFO  com.orangehrm.tests.BaseTest - 📋 Xác nhận lưu thành công
2026-06-04 11:59:40.109 [main] WARN  com.orangehrm.pages.BasePage - ⚠️ Element không visible: TimeoutException
2026-06-04 11:59:40.115 [main] INFO  com.orangehrm.tests.BaseTest - ✅ TC_EMP_002 PASSED: Thêm nhân viên Test AutoUser356 thành công
2026-06-04 11:59:40.115 [main] INFO  com.orangehrm.listeners.TestListener - ✅ PASSED: [tc_Emp_002_addNewEmployeeSuccessfully] - Thời gian: 82s
2026-06-04 11:59:40.430 [main] INFO  com.orangehrm.utils.DriverManager - ✅ Đã đóng WebDriver
2026-06-04 11:59:40.430 [main] INFO  com.orangehrm.tests.BaseTest - 🧹 Teardown hoàn tất - WebDriver đã đóng
2026-06-04 11:59:40.431 [main] INFO  com.orangehrm.utils.DriverManager - 🚀 Khởi tạo chrome driver (headless=false)
2026-06-04 11:59:41.253 [main] INFO  com.orangehrm.utils.DriverManager - ✅ Khởi tạo driver thành công
2026-06-04 11:59:41.253 [main] INFO  com.orangehrm.tests.BaseTest - 🔧 Setup hoàn tất - WebDriver đã sẵn sàng
2026-06-04 11:59:45.040 [main] INFO  com.orangehrm.pages.BasePage - 🌐 Điều hướng đến: https://opensource-demo.orangehrmlive.com/web/index.php/auth/login
2026-06-04 11:59:47.051 [main] INFO  com.orangehrm.pages.BasePage - 📄 Mở trang đăng nhập OrangeHRM
2026-06-04 11:59:47.171 [main] INFO  com.orangehrm.pages.BasePage - 👤 Nhập username: Admin
2026-06-04 11:59:47.352 [main] INFO  com.orangehrm.pages.BasePage - 🔐 Nhập password
2026-06-04 11:59:58.668 [main] INFO  com.orangehrm.pages.BasePage - 🖱️ Click nút Login (expect: success)
2026-06-04 12:00:08.733 [main] INFO  com.orangehrm.listeners.TestListener - ▶️ Bắt đầu test: [tc_Emp_003_addEmployeeWithEmptyLastName]
2026-06-04 12:00:08.734 [main] INFO  com.orangehrm.tests.BaseTest - 📋 Điều hướng đến PIM và click Add Employee
2026-06-04 12:00:09.208 [main] INFO  com.orangehrm.pages.BasePage - 📌 Điều hướng đến module PIM
2026-06-04 12:00:30.947 [main] INFO  com.orangehrm.pages.BasePage - ➕ Click thêm nhân viên mới
2026-06-04 12:00:40.967 [main] INFO  com.orangehrm.tests.BaseTest - 📋 Chỉ nhập First Name, bỏ trống Last Name
2026-06-04 12:00:41.204 [main] INFO  com.orangehrm.pages.BasePage - 📝 Điền thông tin: TestOnly  
2026-06-04 12:00:41.205 [main] INFO  com.orangehrm.tests.BaseTest - 📋 Click Save với Last Name trống
2026-06-04 12:00:51.406 [main] INFO  com.orangehrm.pages.BasePage - 💾 Đã lưu thông tin nhân viên
2026-06-04 12:00:51.407 [main] INFO  com.orangehrm.tests.BaseTest - 📋 Xác nhận thông báo lỗi validation xuất hiện
2026-06-04 12:00:51.418 [main] INFO  com.orangehrm.tests.BaseTest - ✅ TC_EMP_003 PASSED: Validation hoạt động đúng khi thiếu Last Name
2026-06-04 12:00:51.418 [main] INFO  com.orangehrm.listeners.TestListener - ✅ PASSED: [tc_Emp_003_addEmployeeWithEmptyLastName] - Thời gian: 42s
2026-06-04 12:00:51.748 [main] INFO  com.orangehrm.utils.DriverManager - ✅ Đã đóng WebDriver
2026-06-04 12:00:51.748 [main] INFO  com.orangehrm.tests.BaseTest - 🧹 Teardown hoàn tất - WebDriver đã đóng
2026-06-04 12:00:51.749 [main] INFO  com.orangehrm.utils.DriverManager - 🚀 Khởi tạo chrome driver (headless=false)
2026-06-04 12:00:52.540 [main] INFO  com.orangehrm.utils.DriverManager - ✅ Khởi tạo driver thành công
2026-06-04 12:00:52.540 [main] INFO  com.orangehrm.tests.BaseTest - 🔧 Setup hoàn tất - WebDriver đã sẵn sàng
2026-06-04 12:00:57.264 [main] INFO  com.orangehrm.pages.BasePage - 🌐 Điều hướng đến: https://opensource-demo.orangehrmlive.com/web/index.php/auth/login
2026-06-04 12:00:59.267 [main] INFO  com.orangehrm.pages.BasePage - 📄 Mở trang đăng nhập OrangeHRM
2026-06-04 12:00:59.411 [main] INFO  com.orangehrm.pages.BasePage - 👤 Nhập username: Admin
2026-06-04 12:00:59.562 [main] INFO  com.orangehrm.pages.BasePage - 🔐 Nhập password
2026-06-04 12:01:13.090 [main] INFO  com.orangehrm.pages.BasePage - 🖱️ Click nút Login (expect: success)
2026-06-04 12:01:23.133 [main] INFO  com.orangehrm.listeners.TestListener - ▶️ Bắt đầu test: [tc_Emp_004_searchEmployeeByName]
2026-06-04 12:01:23.134 [main] INFO  com.orangehrm.tests.BaseTest - 📋 Điều hướng đến trang danh sách nhân viên
2026-06-04 12:01:24.752 [main] INFO  com.orangehrm.pages.BasePage - 📌 Điều hướng đến module PIM
2026-06-04 12:01:38.127 [main] INFO  com.orangehrm.tests.BaseTest - 📋 Tìm kiếm nhân viên với từ khóa 'a'
2026-06-04 12:01:38.233 [main] INFO  com.orangehrm.pages.BasePage - 🔍 Tìm kiếm nhân viên: a
2026-06-04 12:01:50.489 [main] INFO  com.orangehrm.pages.BasePage - 🔍 Thực hiện tìm kiếm
2026-06-04 12:01:50.490 [main] INFO  com.orangehrm.tests.BaseTest - 📋 Xác nhận có kết quả tìm kiếm
2026-06-04 12:01:50.506 [main] INFO  com.orangehrm.tests.BaseTest - ✅ TC_EMP_004 PASSED: Tìm kiếm trả về 50 kết quả
2026-06-04 12:01:50.506 [main] INFO  com.orangehrm.listeners.TestListener - ✅ PASSED: [tc_Emp_004_searchEmployeeByName] - Thời gian: 27s
2026-06-04 12:01:50.894 [main] INFO  com.orangehrm.utils.DriverManager - ✅ Đã đóng WebDriver
2026-06-04 12:01:50.894 [main] INFO  com.orangehrm.tests.BaseTest - 🧹 Teardown hoàn tất - WebDriver đã đóng
2026-06-04 12:01:50.895 [main] INFO  com.orangehrm.utils.DriverManager - 🚀 Khởi tạo chrome driver (headless=false)
2026-06-04 12:01:51.703 [main] INFO  com.orangehrm.utils.DriverManager - ✅ Khởi tạo driver thành công
2026-06-04 12:01:51.704 [main] INFO  com.orangehrm.tests.BaseTest - 🔧 Setup hoàn tất - WebDriver đã sẵn sàng
2026-06-04 12:01:55.287 [main] INFO  com.orangehrm.pages.BasePage - 🌐 Điều hướng đến: https://opensource-demo.orangehrmlive.com/web/index.php/auth/login
2026-06-04 12:01:57.304 [main] INFO  com.orangehrm.pages.BasePage - 📄 Mở trang đăng nhập OrangeHRM
2026-06-04 12:01:57.428 [main] INFO  com.orangehrm.pages.BasePage - 👤 Nhập username: Admin
2026-06-04 12:01:57.542 [main] INFO  com.orangehrm.pages.BasePage - 🔐 Nhập password
2026-06-04 12:02:09.048 [main] INFO  com.orangehrm.pages.BasePage - 🖱️ Click nút Login (expect: success)
2026-06-04 12:02:19.092 [main] INFO  com.orangehrm.listeners.TestListener - ▶️ Bắt đầu test: [tc_Emp_005_searchNonExistentEmployee]
2026-06-04 12:02:19.093 [main] INFO  com.orangehrm.tests.BaseTest - 📋 Điều hướng đến danh sách nhân viên
2026-06-04 12:02:20.964 [main] INFO  com.orangehrm.pages.BasePage - 📌 Điều hướng đến module PIM
2026-06-04 12:02:38.770 [main] INFO  com.orangehrm.tests.BaseTest - 📋 Tìm kiếm với tên ngẫu nhiên không tồn tại
2026-06-04 12:02:38.919 [main] INFO  com.orangehrm.pages.BasePage - 🔍 Tìm kiếm nhân viên: XYZ_NONEXISTENT_1780549358770
2026-06-04 12:02:50.660 [main] INFO  com.orangehrm.pages.BasePage - 🔍 Thực hiện tìm kiếm
2026-06-04 12:02:50.660 [main] INFO  com.orangehrm.tests.BaseTest - 📋 Xác nhận không có kết quả hoặc hiển thị 'No Records Found'
2026-06-04 12:03:00.676 [main] INFO  com.orangehrm.tests.BaseTest - ✅ TC_EMP_005 PASSED: Hiển thị đúng khi không tìm thấy nhân viên
2026-06-04 12:03:00.677 [main] INFO  com.orangehrm.listeners.TestListener - ✅ PASSED: [tc_Emp_005_searchNonExistentEmployee] - Thời gian: 41s
2026-06-04 12:03:01.061 [main] INFO  com.orangehrm.utils.DriverManager - ✅ Đã đóng WebDriver
2026-06-04 12:03:01.061 [main] INFO  com.orangehrm.tests.BaseTest - 🧹 Teardown hoàn tất - WebDriver đã đóng
2026-06-04 12:03:01.062 [main] INFO  com.orangehrm.utils.DriverManager - 🚀 Khởi tạo chrome driver (headless=false)
2026-06-04 12:03:01.859 [main] INFO  com.orangehrm.utils.DriverManager - ✅ Khởi tạo driver thành công
2026-06-04 12:03:01.860 [main] INFO  com.orangehrm.tests.BaseTest - 🔧 Setup hoàn tất - WebDriver đã sẵn sàng
2026-06-04 12:03:03.411 [main] INFO  com.orangehrm.pages.BasePage - 🌐 Điều hướng đến: https://opensource-demo.orangehrmlive.com/web/index.php/auth/login
2026-06-04 12:03:05.427 [main] INFO  com.orangehrm.pages.BasePage - 📄 Mở trang đăng nhập OrangeHRM
2026-06-04 12:03:10.820 [main] INFO  com.orangehrm.pages.BasePage - 👤 Nhập username: Admin
2026-06-04 12:03:10.943 [main] INFO  com.orangehrm.pages.BasePage - 🔐 Nhập password
2026-06-04 12:03:31.004 [main] INFO  com.orangehrm.pages.BasePage - 🖱️ Click nút Login (expect: success)
2026-06-04 12:03:45.770 [main] INFO  com.orangehrm.listeners.TestListener - ▶️ Bắt đầu test: [tc_Emp_006_resetSearchFilter]
2026-06-04 12:03:45.770 [main] INFO  com.orangehrm.tests.BaseTest - 📋 Điều hướng đến danh sách nhân viên
2026-06-04 12:03:47.768 [main] INFO  com.orangehrm.pages.BasePage - 📌 Điều hướng đến module PIM
2026-06-04 12:04:04.987 [main] INFO  com.orangehrm.tests.BaseTest - 📋 Lấy số lượng nhân viên ban đầu
2026-06-04 12:04:05.003 [main] INFO  com.orangehrm.tests.BaseTest - 📋 Tìm kiếm để lọc danh sách
2026-06-04 12:04:05.142 [main] INFO  com.orangehrm.pages.BasePage - 🔍 Tìm kiếm nhân viên: admin
2026-06-04 12:04:19.988 [main] INFO  com.orangehrm.pages.BasePage - 🔍 Thực hiện tìm kiếm
2026-06-04 12:04:19.995 [main] INFO  com.orangehrm.tests.BaseTest - 📋 Click Reset để xóa bộ lọc
2026-06-04 12:04:36.899 [main] INFO  com.orangehrm.pages.BasePage - 🔄 Reset bộ lọc
2026-06-04 12:04:36.912 [main] INFO  com.orangehrm.tests.BaseTest - 📋 Xác nhận danh sách trở về trạng thái ban đầu
2026-06-04 12:04:36.914 [main] INFO  com.orangehrm.tests.BaseTest - ✅ TC_EMP_006 PASSED: Reset bộ lọc thành công (2 → 50 nhân viên)
2026-06-04 12:04:36.915 [main] INFO  com.orangehrm.listeners.TestListener - ✅ PASSED: [tc_Emp_006_resetSearchFilter] - Thời gian: 51s
2026-06-04 12:04:37.258 [main] INFO  com.orangehrm.utils.DriverManager - ✅ Đã đóng WebDriver
2026-06-04 12:04:37.258 [main] INFO  com.orangehrm.tests.BaseTest - 🧹 Teardown hoàn tất - WebDriver đã đóng
2026-06-04 12:04:37.259 [main] INFO  com.orangehrm.utils.DriverManager - 🚀 Khởi tạo chrome driver (headless=false)
2026-06-04 12:04:38.069 [main] INFO  com.orangehrm.utils.DriverManager - ✅ Khởi tạo driver thành công
2026-06-04 12:04:38.070 [main] INFO  com.orangehrm.tests.BaseTest - 🔧 Setup hoàn tất - WebDriver đã sẵn sàng
2026-06-04 12:04:42.920 [main] INFO  com.orangehrm.pages.BasePage - 🌐 Điều hướng đến: https://opensource-demo.orangehrmlive.com/web/index.php/auth/login
2026-06-04 12:04:44.925 [main] INFO  com.orangehrm.pages.BasePage - 📄 Mở trang đăng nhập OrangeHRM
2026-06-04 12:04:45.110 [main] INFO  com.orangehrm.pages.BasePage - 👤 Nhập username: Admin
2026-06-04 12:04:45.266 [main] INFO  com.orangehrm.pages.BasePage - 🔐 Nhập password
2026-06-04 12:05:02.485 [main] INFO  com.orangehrm.pages.BasePage - 🖱️ Click nút Login (expect: success)
2026-06-04 12:05:12.537 [main] INFO  com.orangehrm.listeners.TestListener - ▶️ Bắt đầu test: [tc_Emp_007_verifyAutoGeneratedEmployeeId]
2026-06-04 12:05:12.538 [main] INFO  com.orangehrm.tests.BaseTest - 📋 Điều hướng đến form thêm nhân viên
2026-06-04 12:05:19.448 [main] INFO  com.orangehrm.pages.BasePage - 📌 Điều hướng đến module PIM
2026-06-04 12:05:53.485 [main] INFO  com.orangehrm.pages.BasePage - ➕ Click thêm nhân viên mới
2026-06-04 12:06:03.496 [main] INFO  com.orangehrm.tests.BaseTest - 📋 Kiểm tra Employee ID được tự động tạo
2026-06-04 12:06:03.530 [main] INFO  com.orangehrm.tests.BaseTest - ✅ TC_EMP_007 PASSED: Employee ID tự động được tạo: 0468
2026-06-04 12:06:03.530 [main] INFO  com.orangehrm.listeners.TestListener - ✅ PASSED: [tc_Emp_007_verifyAutoGeneratedEmployeeId] - Thời gian: 50s
2026-06-04 12:06:03.915 [main] INFO  com.orangehrm.utils.DriverManager - ✅ Đã đóng WebDriver
2026-06-04 12:06:03.916 [main] INFO  com.orangehrm.tests.BaseTest - 🧹 Teardown hoàn tất - WebDriver đã đóng
2026-06-04 12:06:03.917 [main] INFO  com.orangehrm.utils.DriverManager - 🚀 Khởi tạo chrome driver (headless=false)
2026-06-04 12:06:04.698 [main] INFO  com.orangehrm.utils.DriverManager - ✅ Khởi tạo driver thành công
2026-06-04 12:06:04.698 [main] INFO  com.orangehrm.tests.BaseTest - 🔧 Setup hoàn tất - WebDriver đã sẵn sàng
2026-06-04 12:06:16.955 [main] INFO  com.orangehrm.pages.BasePage - 🌐 Điều hướng đến: https://opensource-demo.orangehrmlive.com/web/index.php/auth/login
2026-06-04 12:06:18.967 [main] INFO  com.orangehrm.pages.BasePage - 📄 Mở trang đăng nhập OrangeHRM
2026-06-04 12:06:23.867 [main] INFO  com.orangehrm.pages.BasePage - 👤 Nhập username: Admin
2026-06-04 12:06:24.105 [main] INFO  com.orangehrm.pages.BasePage - 🔐 Nhập password
2026-06-04 12:06:47.091 [main] INFO  com.orangehrm.pages.BasePage - 🖱️ Click nút Login (expect: success)
2026-06-04 12:06:59.772 [main] INFO  com.orangehrm.pages.BasePage - 📌 Điều hướng đến module Admin
2026-06-04 12:07:15.234 [main] INFO  com.orangehrm.listeners.TestListener - ▶️ Bắt đầu test: [tc_Admin_001_accessAdminModule]
2026-06-04 12:07:15.234 [main] INFO  com.orangehrm.tests.BaseTest - 📋 Xác nhận module Admin đã mở
2026-06-04 12:07:15.238 [main] INFO  com.orangehrm.tests.BaseTest - ✅ TC_ADMIN_001 PASSED: Module Admin truy cập thành công
2026-06-04 12:07:15.239 [main] INFO  com.orangehrm.listeners.TestListener - ✅ PASSED: [tc_Admin_001_accessAdminModule] - Thời gian: 0s
2026-06-04 12:07:15.559 [main] INFO  com.orangehrm.utils.DriverManager - ✅ Đã đóng WebDriver
2026-06-04 12:07:15.559 [main] INFO  com.orangehrm.tests.BaseTest - 🧹 Teardown hoàn tất - WebDriver đã đóng
2026-06-04 12:07:15.560 [main] INFO  com.orangehrm.utils.DriverManager - 🚀 Khởi tạo chrome driver (headless=false)
2026-06-04 12:07:16.339 [main] INFO  com.orangehrm.utils.DriverManager - ✅ Khởi tạo driver thành công
2026-06-04 12:07:16.340 [main] INFO  com.orangehrm.tests.BaseTest - 🔧 Setup hoàn tất - WebDriver đã sẵn sàng
2026-06-04 12:07:35.266 [main] INFO  com.orangehrm.pages.BasePage - 🌐 Điều hướng đến: https://opensource-demo.orangehrmlive.com/web/index.php/auth/login
2026-06-04 12:07:37.270 [main] INFO  com.orangehrm.pages.BasePage - 📄 Mở trang đăng nhập OrangeHRM
2026-06-04 12:07:39.831 [main] INFO  com.orangehrm.pages.BasePage - 👤 Nhập username: Admin
2026-06-04 12:07:39.983 [main] INFO  com.orangehrm.pages.BasePage - 🔐 Nhập password
2026-06-04 12:07:48.567 [main] INFO  com.orangehrm.pages.BasePage - 🖱️ Click nút Login (expect: success)
2026-06-04 12:08:07.983 [main] INFO  com.orangehrm.pages.BasePage - 📌 Điều hướng đến module Admin
2026-06-04 12:08:22.173 [main] INFO  com.orangehrm.listeners.TestListener - ▶️ Bắt đầu test: [tc_Admin_002_systemUsersListDisplayed]
2026-06-04 12:08:22.174 [main] INFO  com.orangehrm.tests.BaseTest - 📋 Kiểm tra danh sách người dùng
2026-06-04 12:08:22.201 [main] INFO  com.orangehrm.tests.BaseTest - 📋 Xác nhận có ít nhất 1 người dùng (Admin)
2026-06-04 12:08:22.202 [main] INFO  com.orangehrm.tests.BaseTest - ✅ TC_ADMIN_002 PASSED: Danh sách hiển thị 21 người dùng
2026-06-04 12:08:22.202 [main] INFO  com.orangehrm.listeners.TestListener - ✅ PASSED: [tc_Admin_002_systemUsersListDisplayed] - Thời gian: 0s
2026-06-04 12:08:22.527 [main] INFO  com.orangehrm.utils.DriverManager - ✅ Đã đóng WebDriver
2026-06-04 12:08:22.527 [main] INFO  com.orangehrm.tests.BaseTest - 🧹 Teardown hoàn tất - WebDriver đã đóng
2026-06-04 12:08:22.528 [main] INFO  com.orangehrm.utils.DriverManager - 🚀 Khởi tạo chrome driver (headless=false)
2026-06-04 12:08:23.349 [main] INFO  com.orangehrm.utils.DriverManager - ✅ Khởi tạo driver thành công
2026-06-04 12:08:23.349 [main] INFO  com.orangehrm.tests.BaseTest - 🔧 Setup hoàn tất - WebDriver đã sẵn sàng
2026-06-04 12:08:27.340 [main] INFO  com.orangehrm.pages.BasePage - 🌐 Điều hướng đến: https://opensource-demo.orangehrmlive.com/web/index.php/auth/login
2026-06-04 12:08:29.350 [main] INFO  com.orangehrm.pages.BasePage - 📄 Mở trang đăng nhập OrangeHRM
2026-06-04 12:08:29.480 [main] INFO  com.orangehrm.pages.BasePage - 👤 Nhập username: Admin
2026-06-04 12:08:29.622 [main] INFO  com.orangehrm.pages.BasePage - 🔐 Nhập password
2026-06-04 12:08:42.518 [main] INFO  com.orangehrm.pages.BasePage - 🖱️ Click nút Login (expect: success)
2026-06-04 12:08:55.148 [main] INFO  com.orangehrm.pages.BasePage - 📌 Điều hướng đến module Admin
2026-06-04 12:09:09.778 [main] INFO  com.orangehrm.listeners.TestListener - ▶️ Bắt đầu test: [tc_Admin_003_searchUserByUsername]
2026-06-04 12:09:09.779 [main] INFO  com.orangehrm.tests.BaseTest - 📋 Tìm kiếm người dùng với username 'Admin'
2026-06-04 12:09:22.676 [main] INFO  com.orangehrm.pages.BasePage - 🔍 Tìm kiếm user: Admin
2026-06-04 12:09:22.677 [main] INFO  com.orangehrm.tests.BaseTest - 📋 Xác nhận Admin xuất hiện trong kết quả
2026-06-04 12:09:22.708 [main] INFO  com.orangehrm.tests.BaseTest - ✅ TC_ADMIN_003 PASSED: Tìm thấy người dùng 'Admin'
2026-06-04 12:09:22.709 [main] INFO  com.orangehrm.listeners.TestListener - ✅ PASSED: [tc_Admin_003_searchUserByUsername] - Thời gian: 12s
2026-06-04 12:09:23.077 [main] INFO  com.orangehrm.utils.DriverManager - ✅ Đã đóng WebDriver
2026-06-04 12:09:23.077 [main] INFO  com.orangehrm.tests.BaseTest - 🧹 Teardown hoàn tất - WebDriver đã đóng
2026-06-04 12:09:23.078 [main] INFO  com.orangehrm.utils.DriverManager - 🚀 Khởi tạo chrome driver (headless=false)
2026-06-04 12:09:23.900 [main] INFO  com.orangehrm.utils.DriverManager - ✅ Khởi tạo driver thành công
2026-06-04 12:09:23.900 [main] INFO  com.orangehrm.tests.BaseTest - 🔧 Setup hoàn tất - WebDriver đã sẵn sàng
2026-06-04 12:09:30.975 [main] INFO  com.orangehrm.pages.BasePage - 🌐 Điều hướng đến: https://opensource-demo.orangehrmlive.com/web/index.php/auth/login
2026-06-04 12:09:32.988 [main] INFO  com.orangehrm.pages.BasePage - 📄 Mở trang đăng nhập OrangeHRM
2026-06-04 12:09:33.386 [main] INFO  com.orangehrm.pages.BasePage - 👤 Nhập username: Admin
2026-06-04 12:09:33.523 [main] INFO  com.orangehrm.pages.BasePage - 🔐 Nhập password
2026-06-04 12:09:53.816 [main] INFO  com.orangehrm.pages.BasePage - 🖱️ Click nút Login (expect: success)
2026-06-04 12:10:05.553 [main] INFO  com.orangehrm.pages.BasePage - 📌 Điều hướng đến module Admin
2026-06-04 12:10:18.536 [main] INFO  com.orangehrm.listeners.TestListener - ▶️ Bắt đầu test: [tc_Admin_004_searchNonExistentUser]
2026-06-04 12:10:18.537 [main] INFO  com.orangehrm.tests.BaseTest - 📋 Tìm kiếm username không tồn tại
2026-06-04 12:10:29.923 [main] INFO  com.orangehrm.pages.BasePage - 🔍 Tìm kiếm user: NONEXISTENT_USER_XYZ_1780549818537
2026-06-04 12:10:29.924 [main] INFO  com.orangehrm.tests.BaseTest - 📋 Xác nhận không có kết quả (0 rows)
2026-06-04 12:10:29.947 [main] INFO  com.orangehrm.pages.BasePage - ℹ️ Tìm thấy 22 kết quả
2026-06-04 12:10:29.956 [main] ERROR com.orangehrm.listeners.TestListener - ❌ FAILED: [tc_Admin_004_searchNonExistentUser]
2026-06-04 12:10:29.956 [main] ERROR com.orangehrm.listeners.TestListener -    Lý do: Hệ thống phải không trả về kết quả khi username không tồn tại expected [true] but found [false]
2026-06-04 12:10:30.454 [main] INFO  com.orangehrm.utils.DriverManager - ✅ Đã đóng WebDriver
2026-06-04 12:10:30.454 [main] INFO  com.orangehrm.tests.BaseTest - 🧹 Teardown hoàn tất - WebDriver đã đóng
2026-06-04 12:10:30.455 [main] INFO  com.orangehrm.utils.DriverManager - 🚀 Khởi tạo chrome driver (headless=false)
2026-06-04 12:10:31.259 [main] INFO  com.orangehrm.utils.DriverManager - ✅ Khởi tạo driver thành công
2026-06-04 12:10:31.260 [main] INFO  com.orangehrm.tests.BaseTest - 🔧 Setup hoàn tất - WebDriver đã sẵn sàng
2026-06-04 12:10:36.564 [main] INFO  com.orangehrm.pages.BasePage - 🌐 Điều hướng đến: https://opensource-demo.orangehrmlive.com/web/index.php/auth/login
2026-06-04 12:10:38.580 [main] INFO  com.orangehrm.pages.BasePage - 📄 Mở trang đăng nhập OrangeHRM
2026-06-04 12:10:38.701 [main] INFO  com.orangehrm.pages.BasePage - 👤 Nhập username: Admin
2026-06-04 12:10:38.817 [main] INFO  com.orangehrm.pages.BasePage - 🔐 Nhập password
2026-06-04 12:10:50.634 [main] INFO  com.orangehrm.pages.BasePage - 🖱️ Click nút Login (expect: success)
2026-06-04 12:11:01.154 [main] INFO  com.orangehrm.pages.BasePage - 📌 Điều hướng đến module Admin
2026-06-04 12:11:12.130 [main] INFO  com.orangehrm.listeners.TestListener - ▶️ Bắt đầu test: [tc_Admin_005_resetAdminSearchFilter]
2026-06-04 12:11:12.131 [main] INFO  com.orangehrm.tests.BaseTest - 📋 Tìm kiếm 'Admin' để lọc danh sách
2026-06-04 12:11:22.928 [main] INFO  com.orangehrm.pages.BasePage - 🔍 Tìm kiếm user: Admin
2026-06-04 12:11:22.951 [main] INFO  com.orangehrm.tests.BaseTest - 📋 Reset bộ lọc
2026-06-04 12:11:33.674 [main] INFO  com.orangehrm.tests.BaseTest - 📋 Xác nhận sau reset hiển thị nhiều hơn hoặc bằng khi đang lọc
2026-06-04 12:11:33.675 [main] ERROR com.orangehrm.listeners.TestListener - ❌ FAILED: [tc_Admin_005_resetAdminSearchFilter]
2026-06-04 12:11:33.676 [main] ERROR com.orangehrm.listeners.TestListener -    Lý do: Sau reset phải hiển thị ít nhất bằng số kết quả khi lọc expected [true] but found [false]
2026-06-04 12:11:34.170 [main] INFO  com.orangehrm.utils.DriverManager - ✅ Đã đóng WebDriver
2026-06-04 12:11:34.170 [main] INFO  com.orangehrm.tests.BaseTest - 🧹 Teardown hoàn tất - WebDriver đã đóng
2026-06-04 12:11:34.171 [main] INFO  com.orangehrm.utils.DriverManager - 🚀 Khởi tạo chrome driver (headless=false)
2026-06-04 12:11:35.043 [main] INFO  com.orangehrm.utils.DriverManager - ✅ Khởi tạo driver thành công
2026-06-04 12:11:35.043 [main] INFO  com.orangehrm.tests.BaseTest - 🔧 Setup hoàn tất - WebDriver đã sẵn sàng
2026-06-04 12:11:38.332 [main] INFO  com.orangehrm.pages.BasePage - 🌐 Điều hướng đến: https://opensource-demo.orangehrmlive.com/web/index.php/auth/login
2026-06-04 12:11:40.341 [main] INFO  com.orangehrm.pages.BasePage - 📄 Mở trang đăng nhập OrangeHRM
2026-06-04 12:11:40.459 [main] INFO  com.orangehrm.pages.BasePage - 👤 Nhập username: Admin
2026-06-04 12:11:40.574 [main] INFO  com.orangehrm.pages.BasePage - 🔐 Nhập password
2026-06-04 12:11:51.886 [main] INFO  com.orangehrm.pages.BasePage - 🖱️ Click nút Login (expect: success)
2026-06-04 12:12:02.463 [main] INFO  com.orangehrm.pages.BasePage - 📌 Điều hướng đến module Leave
2026-06-04 12:12:13.487 [main] INFO  com.orangehrm.listeners.TestListener - ▶️ Bắt đầu test: [tc_Leave_001_accessLeaveModule]
2026-06-04 12:12:13.487 [main] INFO  com.orangehrm.tests.BaseTest - 📋 Xác nhận trang Leave List hiển thị
2026-06-04 12:12:13.492 [main] INFO  com.orangehrm.tests.BaseTest - ✅ TC_LEAVE_001 PASSED: Truy cập module Leave thành công
2026-06-04 12:12:13.492 [main] INFO  com.orangehrm.listeners.TestListener - ✅ PASSED: [tc_Leave_001_accessLeaveModule] - Thời gian: 0s
2026-06-04 12:12:13.874 [main] INFO  com.orangehrm.utils.DriverManager - ✅ Đã đóng WebDriver
2026-06-04 12:12:13.874 [main] INFO  com.orangehrm.tests.BaseTest - 🧹 Teardown hoàn tất - WebDriver đã đóng
2026-06-04 12:12:13.875 [main] INFO  com.orangehrm.utils.DriverManager - 🚀 Khởi tạo chrome driver (headless=false)
2026-06-04 12:12:14.668 [main] INFO  com.orangehrm.utils.DriverManager - ✅ Khởi tạo driver thành công
2026-06-04 12:12:14.669 [main] INFO  com.orangehrm.tests.BaseTest - 🔧 Setup hoàn tất - WebDriver đã sẵn sàng
2026-06-04 12:12:19.278 [main] INFO  com.orangehrm.pages.BasePage - 🌐 Điều hướng đến: https://opensource-demo.orangehrmlive.com/web/index.php/auth/login
2026-06-04 12:12:21.294 [main] INFO  com.orangehrm.pages.BasePage - 📄 Mở trang đăng nhập OrangeHRM
2026-06-04 12:12:21.462 [main] INFO  com.orangehrm.pages.BasePage - 👤 Nhập username: Admin
2026-06-04 12:12:21.598 [main] INFO  com.orangehrm.pages.BasePage - 🔐 Nhập password
2026-06-04 12:12:32.914 [main] INFO  com.orangehrm.pages.BasePage - 🖱️ Click nút Login (expect: success)
2026-06-04 12:12:43.431 [main] INFO  com.orangehrm.pages.BasePage - 📌 Điều hướng đến module Leave
2026-06-04 12:12:54.979 [main] INFO  com.orangehrm.listeners.TestListener - ▶️ Bắt đầu test: [tc_Leave_002_viewLeaveList]
2026-06-04 12:12:54.980 [main] INFO  com.orangehrm.tests.BaseTest - 📋 Kiểm tra danh sách nghỉ phép
2026-06-04 12:12:54.996 [main] INFO  com.orangehrm.tests.BaseTest - 📋 Ghi nhận số lượng yêu cầu nghỉ phép
2026-06-04 12:12:54.996 [main] INFO  com.orangehrm.tests.BaseTest - ✅ TC_LEAVE_002 PASSED: Danh sách nghỉ phép hiển thị 8 yêu cầu
2026-06-04 12:12:54.997 [main] INFO  com.orangehrm.listeners.TestListener - ✅ PASSED: [tc_Leave_002_viewLeaveList] - Thời gian: 0s
2026-06-04 12:12:55.364 [main] INFO  com.orangehrm.utils.DriverManager - ✅ Đã đóng WebDriver
2026-06-04 12:12:55.364 [main] INFO  com.orangehrm.tests.BaseTest - 🧹 Teardown hoàn tất - WebDriver đã đóng
2026-06-04 12:12:55.365 [main] INFO  com.orangehrm.utils.DriverManager - 🚀 Khởi tạo chrome driver (headless=false)
2026-06-04 12:12:56.188 [main] INFO  com.orangehrm.utils.DriverManager - ✅ Khởi tạo driver thành công
2026-06-04 12:12:56.188 [main] INFO  com.orangehrm.tests.BaseTest - 🔧 Setup hoàn tất - WebDriver đã sẵn sàng
2026-06-04 12:13:00.185 [main] INFO  com.orangehrm.pages.BasePage - 🌐 Điều hướng đến: https://opensource-demo.orangehrmlive.com/web/index.php/auth/login
2026-06-04 12:13:02.190 [main] INFO  com.orangehrm.pages.BasePage - 📄 Mở trang đăng nhập OrangeHRM
2026-06-04 12:13:02.329 [main] INFO  com.orangehrm.pages.BasePage - 👤 Nhập username: Admin
2026-06-04 12:13:02.440 [main] INFO  com.orangehrm.pages.BasePage - 🔐 Nhập password
2026-06-04 12:13:13.969 [main] INFO  com.orangehrm.pages.BasePage - 🖱️ Click nút Login (expect: success)
2026-06-04 12:13:24.534 [main] INFO  com.orangehrm.pages.BasePage - 📌 Điều hướng đến module Leave
2026-06-04 12:13:35.513 [main] INFO  com.orangehrm.listeners.TestListener - ▶️ Bắt đầu test: [tc_Leave_003_filterLeaveByDateRange]
2026-06-04 12:13:35.514 [main] INFO  com.orangehrm.tests.BaseTest - 📋 Thiết lập ngày bắt đầu lọc
2026-06-04 12:13:45.542 [main] INFO  com.orangehrm.tests.BaseTest - 📋 Thiết lập ngày kết thúc lọc
2026-06-04 12:13:55.607 [main] INFO  com.orangehrm.tests.BaseTest - 📋 Click tìm kiếm
2026-06-04 12:14:06.844 [main] INFO  com.orangehrm.tests.BaseTest - 📋 Xác nhận tìm kiếm không gây lỗi
2026-06-04 12:14:06.848 [main] INFO  com.orangehrm.tests.BaseTest - ✅ TC_LEAVE_003 PASSED: Lọc theo ngày hoạt động bình thường
2026-06-04 12:14:06.848 [main] INFO  com.orangehrm.listeners.TestListener - ✅ PASSED: [tc_Leave_003_filterLeaveByDateRange] - Thời gian: 31s
2026-06-04 12:14:07.163 [main] INFO  com.orangehrm.utils.DriverManager - ✅ Đã đóng WebDriver
2026-06-04 12:14:07.163 [main] INFO  com.orangehrm.tests.BaseTest - 🧹 Teardown hoàn tất - WebDriver đã đóng
2026-06-04 12:14:07.164 [main] INFO  com.orangehrm.utils.DriverManager - 🚀 Khởi tạo chrome driver (headless=false)
2026-06-04 12:14:07.955 [main] INFO  com.orangehrm.utils.DriverManager - ✅ Khởi tạo driver thành công
2026-06-04 12:14:07.955 [main] INFO  com.orangehrm.tests.BaseTest - 🔧 Setup hoàn tất - WebDriver đã sẵn sàng
2026-06-04 12:14:12.222 [main] INFO  com.orangehrm.pages.BasePage - 🌐 Điều hướng đến: https://opensource-demo.orangehrmlive.com/web/index.php/auth/login
2026-06-04 12:14:14.228 [main] INFO  com.orangehrm.pages.BasePage - 📄 Mở trang đăng nhập OrangeHRM
2026-06-04 12:14:14.350 [main] INFO  com.orangehrm.pages.BasePage - 👤 Nhập username: Admin
2026-06-04 12:14:14.463 [main] INFO  com.orangehrm.pages.BasePage - 🔐 Nhập password
2026-06-04 12:14:25.765 [main] INFO  com.orangehrm.pages.BasePage - 🖱️ Click nút Login (expect: success)
2026-06-04 12:14:36.324 [main] INFO  com.orangehrm.pages.BasePage - 📌 Điều hướng đến module Leave
2026-06-04 12:14:47.852 [main] INFO  com.orangehrm.listeners.TestListener - ▶️ Bắt đầu test: [tc_Leave_004_resetLeaveFilter]
2026-06-04 12:14:47.853 [main] INFO  com.orangehrm.tests.BaseTest - 📋 Lọc theo ngày để thay đổi danh sách
2026-06-04 12:15:08.577 [main] INFO  com.orangehrm.tests.BaseTest - 📋 Reset bộ lọc
2026-06-04 12:15:19.261 [main] INFO  com.orangehrm.tests.BaseTest - 📋 Xác nhận trang Leave vẫn hiển thị sau reset
2026-06-04 12:15:19.266 [main] INFO  com.orangehrm.tests.BaseTest - ✅ TC_LEAVE_004 PASSED: Reset bộ lọc Leave thành công
2026-06-04 12:15:19.266 [main] INFO  com.orangehrm.listeners.TestListener - ✅ PASSED: [tc_Leave_004_resetLeaveFilter] - Thời gian: 31s
2026-06-04 12:15:19.643 [main] INFO  com.orangehrm.utils.DriverManager - ✅ Đã đóng WebDriver
2026-06-04 12:15:19.643 [main] INFO  com.orangehrm.tests.BaseTest - 🧹 Teardown hoàn tất - WebDriver đã đóng
2026-06-04 12:15:19.656 [main] INFO  com.orangehrm.listeners.TestListener - ╔════════════════════════════════════════╗
2026-06-04 12:15:19.656 [main] INFO  com.orangehrm.listeners.TestListener - ║           📊 KẾT QUẢ TEST SUITE        ║
2026-06-04 12:15:19.656 [main] INFO  com.orangehrm.listeners.TestListener - ╠════════════════════════════════════════╣
2026-06-04 12:15:19.656 [main] INFO  com.orangehrm.listeners.TestListener - ║  Tổng số test  : {:3d}                   ║
2026-06-04 12:15:19.656 [main] INFO  com.orangehrm.listeners.TestListener - ║  ✅ Passed      : {:3d}                   ║
2026-06-04 12:15:19.656 [main] INFO  com.orangehrm.listeners.TestListener - ║  ❌ Failed      : {:3d}                   ║
2026-06-04 12:15:19.656 [main] INFO  com.orangehrm.listeners.TestListener - ║  ⏭️ Skipped     : {:3d}                   ║
2026-06-04 12:15:19.656 [main] INFO  com.orangehrm.listeners.TestListener - ╚════════════════════════════════════════╝
2026-06-04 12:15:19.695 [main] INFO  com.orangehrm.utils.ExtentReportManager - 📊 Đã xuất báo cáo HTML
2026-06-04 12:56:55.473 [main] INFO  com.orangehrm.listeners.TestListener - ╔════════════════════════════════════════╗
2026-06-04 12:56:55.495 [main] INFO  com.orangehrm.listeners.TestListener - ║  🚀 BẮT ĐẦU TEST SUITE: Smoke Tests - Kiểm thử nhanh  ║
2026-06-04 12:56:55.495 [main] INFO  com.orangehrm.listeners.TestListener - ╚════════════════════════════════════════╝
2026-06-04 12:56:55.553 [main] INFO  com.orangehrm.utils.ConfigReader - ✅ Đã load cấu hình từ: src/test/resources/config.properties
2026-06-04 12:56:55.554 [main] INFO  com.orangehrm.utils.DriverManager - 🚀 Khởi tạo chrome driver (headless=false)
2026-06-04 12:56:57.286 [main] INFO  com.orangehrm.utils.DriverManager - ✅ Khởi tạo driver thành công
2026-06-04 12:56:57.301 [main] INFO  com.orangehrm.tests.BaseTest - 🔧 Setup hoàn tất - WebDriver đã sẵn sàng
2026-06-04 12:57:00.531 [main] INFO  com.orangehrm.pages.BasePage - 🌐 Điều hướng đến: https://opensource-demo.orangehrmlive.com/web/index.php/auth/login
2026-06-04 12:57:02.534 [main] INFO  com.orangehrm.pages.BasePage - 📄 Mở trang đăng nhập OrangeHRM
2026-06-04 12:57:02.688 [main] INFO  com.orangehrm.pages.BasePage - 👤 Nhập username: Admin
2026-06-04 12:57:02.824 [main] INFO  com.orangehrm.pages.BasePage - 🔐 Nhập password
2026-06-04 12:57:14.164 [main] INFO  com.orangehrm.pages.BasePage - 🖱️ Click nút Login (expect: success)
2026-06-04 12:57:24.722 [main] INFO  com.orangehrm.pages.BasePage - 📌 Điều hướng đến module Admin
2026-06-04 12:57:35.723 [main] INFO  com.orangehrm.listeners.TestListener - ▶️ Bắt đầu test: [tc_Admin_001_accessAdminModule]
2026-06-04 12:57:35.885 [main] INFO  com.orangehrm.utils.ExtentReportManager - 📊 Đã khởi tạo ExtentReports: reports/OrangeHRM_TestReport_20260604_125735.html
2026-06-04 12:57:35.899 [main] INFO  com.orangehrm.tests.BaseTest - 📋 Xác nhận module Admin đã mở
2026-06-04 12:57:35.906 [main] INFO  com.orangehrm.tests.BaseTest - ✅ TC_ADMIN_001 PASSED: Module Admin truy cập thành công
2026-06-04 12:57:35.910 [main] INFO  com.orangehrm.listeners.TestListener - ✅ PASSED: [tc_Admin_001_accessAdminModule] - Thời gian: 0s
2026-06-04 12:57:36.153 [main] INFO  com.orangehrm.utils.DriverManager - ✅ Đã đóng WebDriver
2026-06-04 12:57:36.154 [main] INFO  com.orangehrm.tests.BaseTest - 🧹 Teardown hoàn tất - WebDriver đã đóng
2026-06-04 12:57:36.156 [main] INFO  com.orangehrm.utils.DriverManager - 🚀 Khởi tạo chrome driver (headless=false)
2026-06-04 12:57:36.881 [main] INFO  com.orangehrm.utils.DriverManager - ✅ Khởi tạo driver thành công
2026-06-04 12:57:36.881 [main] INFO  com.orangehrm.tests.BaseTest - 🔧 Setup hoàn tất - WebDriver đã sẵn sàng
2026-06-04 12:57:40.411 [main] INFO  com.orangehrm.pages.BasePage - 🌐 Điều hướng đến: https://opensource-demo.orangehrmlive.com/web/index.php/auth/login
2026-06-04 12:57:42.416 [main] INFO  com.orangehrm.pages.BasePage - 📄 Mở trang đăng nhập OrangeHRM
2026-06-04 12:57:42.546 [main] INFO  com.orangehrm.pages.BasePage - 👤 Nhập username: Admin
2026-06-04 12:57:42.650 [main] INFO  com.orangehrm.pages.BasePage - 🔐 Nhập password
2026-06-04 12:57:42.801 [main] INFO  com.orangehrm.pages.BasePage - 🖱️ Click nút Login (expect: success)
2026-06-04 12:57:56.263 [main] INFO  com.orangehrm.pages.BasePage - 📌 Điều hướng đến module Admin
2026-06-04 12:58:07.317 [main] INFO  com.orangehrm.listeners.TestListener - ▶️ Bắt đầu test: [tc_Admin_002_systemUsersListDisplayed]
2026-06-04 12:58:07.319 [main] INFO  com.orangehrm.tests.BaseTest - 📋 Kiểm tra danh sách người dùng
2026-06-04 12:58:07.352 [main] INFO  com.orangehrm.tests.BaseTest - 📋 Xác nhận có ít nhất 1 người dùng (Admin)
2026-06-04 12:58:07.352 [main] INFO  com.orangehrm.tests.BaseTest - ✅ TC_ADMIN_002 PASSED: Danh sách hiển thị 8 người dùng
2026-06-04 12:58:07.353 [main] INFO  com.orangehrm.listeners.TestListener - ✅ PASSED: [tc_Admin_002_systemUsersListDisplayed] - Thời gian: 0s
2026-06-04 12:58:07.513 [main] INFO  com.orangehrm.utils.DriverManager - ✅ Đã đóng WebDriver
2026-06-04 12:58:07.514 [main] INFO  com.orangehrm.tests.BaseTest - 🧹 Teardown hoàn tất - WebDriver đã đóng
2026-06-04 12:58:07.515 [main] INFO  com.orangehrm.utils.DriverManager - 🚀 Khởi tạo chrome driver (headless=false)
2026-06-04 12:58:08.175 [main] INFO  com.orangehrm.utils.DriverManager - ✅ Khởi tạo driver thành công
2026-06-04 12:58:08.176 [main] INFO  com.orangehrm.tests.BaseTest - 🔧 Setup hoàn tất - WebDriver đã sẵn sàng
2026-06-04 12:58:11.558 [main] INFO  com.orangehrm.pages.BasePage - 🌐 Điều hướng đến: https://opensource-demo.orangehrmlive.com/web/index.php/auth/login
2026-06-04 12:58:13.561 [main] INFO  com.orangehrm.pages.BasePage - 📄 Mở trang đăng nhập OrangeHRM
2026-06-04 12:58:13.736 [main] INFO  com.orangehrm.pages.BasePage - 👤 Nhập username: Admin
2026-06-04 12:58:13.852 [main] INFO  com.orangehrm.pages.BasePage - 🔐 Nhập password
2026-06-04 12:58:13.976 [main] INFO  com.orangehrm.pages.BasePage - 🖱️ Click nút Login (expect: success)
2026-06-04 12:58:28.538 [main] INFO  com.orangehrm.pages.BasePage - 📌 Điều hướng đến module Admin
2026-06-04 12:58:39.528 [main] INFO  com.orangehrm.listeners.TestListener - ▶️ Bắt đầu test: [tc_Admin_003_searchUserByUsername]
2026-06-04 12:58:39.530 [main] INFO  com.orangehrm.tests.BaseTest - 📋 Tìm kiếm người dùng với username 'Admin'
2026-06-04 12:58:54.429 [main] INFO  com.orangehrm.pages.BasePage - 🔍 Tìm kiếm user: Admin
2026-06-04 12:58:54.430 [main] INFO  com.orangehrm.tests.BaseTest - 📋 Xác nhận Admin xuất hiện trong kết quả
2026-06-04 12:58:54.464 [main] INFO  com.orangehrm.tests.BaseTest - ✅ TC_ADMIN_003 PASSED: Tìm thấy người dùng 'Admin'
2026-06-04 12:58:54.465 [main] INFO  com.orangehrm.listeners.TestListener - ✅ PASSED: [tc_Admin_003_searchUserByUsername] - Thời gian: 14s
2026-06-04 12:58:54.618 [main] INFO  com.orangehrm.utils.DriverManager - ✅ Đã đóng WebDriver
2026-06-04 12:58:54.618 [main] INFO  com.orangehrm.tests.BaseTest - 🧹 Teardown hoàn tất - WebDriver đã đóng
2026-06-04 12:58:54.620 [main] INFO  com.orangehrm.utils.DriverManager - 🚀 Khởi tạo chrome driver (headless=false)
2026-06-04 12:58:55.267 [main] INFO  com.orangehrm.utils.DriverManager - ✅ Khởi tạo driver thành công
2026-06-04 12:58:55.268 [main] INFO  com.orangehrm.tests.BaseTest - 🔧 Setup hoàn tất - WebDriver đã sẵn sàng
2026-06-04 12:58:59.584 [main] INFO  com.orangehrm.pages.BasePage - 🌐 Điều hướng đến: https://opensource-demo.orangehrmlive.com/web/index.php/auth/login
2026-06-04 12:59:01.588 [main] INFO  com.orangehrm.pages.BasePage - 📄 Mở trang đăng nhập OrangeHRM
2026-06-04 12:59:01.682 [main] INFO  com.orangehrm.pages.BasePage - 👤 Nhập username: Admin
2026-06-04 12:59:01.785 [main] INFO  com.orangehrm.pages.BasePage - 🔐 Nhập password
2026-06-04 12:59:14.797 [main] INFO  com.orangehrm.pages.BasePage - 🖱️ Click nút Login (expect: success)
2026-06-04 12:59:25.494 [main] INFO  com.orangehrm.pages.BasePage - 📌 Điều hướng đến module Admin
2026-06-04 13:00:26.153 [main] INFO  com.orangehrm.listeners.TestListener - ╔════════════════════════════════════════╗
2026-06-04 13:00:26.164 [main] INFO  com.orangehrm.listeners.TestListener - ║  🚀 BẮT ĐẦU TEST SUITE: Surefire test  ║
2026-06-04 13:00:26.165 [main] INFO  com.orangehrm.listeners.TestListener - ╚════════════════════════════════════════╝
2026-06-04 13:00:26.210 [main] INFO  com.orangehrm.utils.ConfigReader - ✅ Đã load cấu hình từ: src/test/resources/config.properties
2026-06-04 13:00:26.210 [main] INFO  com.orangehrm.utils.DriverManager - 🚀 Khởi tạo chrome driver (headless=false)
2026-06-04 13:00:27.454 [main] INFO  com.orangehrm.utils.DriverManager - ✅ Khởi tạo driver thành công
2026-06-04 13:00:27.471 [main] INFO  com.orangehrm.tests.BaseTest - 🔧 Setup hoàn tất - WebDriver đã sẵn sàng
2026-06-04 13:00:30.459 [main] INFO  com.orangehrm.pages.BasePage - 🌐 Điều hướng đến: https://opensource-demo.orangehrmlive.com/web/index.php/auth/login
2026-06-04 13:00:32.473 [main] INFO  com.orangehrm.pages.BasePage - 📄 Mở trang đăng nhập OrangeHRM
2026-06-04 13:00:32.621 [main] INFO  com.orangehrm.pages.BasePage - 👤 Nhập username: Admin
2026-06-04 13:00:32.761 [main] INFO  com.orangehrm.pages.BasePage - 🔐 Nhập password
2026-06-04 13:00:43.981 [main] INFO  com.orangehrm.pages.BasePage - 🖱️ Click nút Login (expect: success)
2026-06-04 13:00:54.526 [main] INFO  com.orangehrm.pages.BasePage - 📌 Điều hướng đến module Admin
2026-06-04 13:01:05.516 [main] INFO  com.orangehrm.listeners.TestListener - ▶️ Bắt đầu test: [tc_Admin_001_accessAdminModule]
2026-06-04 13:01:05.687 [main] INFO  com.orangehrm.utils.ExtentReportManager - 📊 Đã khởi tạo ExtentReports: reports/OrangeHRM_TestReport_20260604_130105.html
2026-06-04 13:01:05.698 [main] INFO  com.orangehrm.tests.BaseTest - 📋 Xác nhận module Admin đã mở
2026-06-04 13:01:05.704 [main] INFO  com.orangehrm.tests.BaseTest - ✅ TC_ADMIN_001 PASSED: Module Admin truy cập thành công
2026-06-04 13:01:05.707 [main] INFO  com.orangehrm.listeners.TestListener - ✅ PASSED: [tc_Admin_001_accessAdminModule] - Thời gian: 0s
2026-06-04 13:01:05.912 [main] INFO  com.orangehrm.utils.DriverManager - ✅ Đã đóng WebDriver
2026-06-04 13:01:05.913 [main] INFO  com.orangehrm.tests.BaseTest - 🧹 Teardown hoàn tất - WebDriver đã đóng
2026-06-04 13:01:05.916 [main] INFO  com.orangehrm.utils.DriverManager - 🚀 Khởi tạo chrome driver (headless=false)
2026-06-04 13:01:06.575 [main] INFO  com.orangehrm.utils.DriverManager - ✅ Khởi tạo driver thành công
2026-06-04 13:01:06.576 [main] INFO  com.orangehrm.tests.BaseTest - 🔧 Setup hoàn tất - WebDriver đã sẵn sàng
2026-06-04 13:01:09.608 [main] INFO  com.orangehrm.pages.BasePage - 🌐 Điều hướng đến: https://opensource-demo.orangehrmlive.com/web/index.php/auth/login
2026-06-04 13:01:11.621 [main] INFO  com.orangehrm.pages.BasePage - 📄 Mở trang đăng nhập OrangeHRM
2026-06-04 13:01:11.774 [main] INFO  com.orangehrm.pages.BasePage - 👤 Nhập username: Admin
2026-06-04 13:01:11.922 [main] INFO  com.orangehrm.pages.BasePage - 🔐 Nhập password
2026-06-04 13:01:23.230 [main] INFO  com.orangehrm.pages.BasePage - 🖱️ Click nút Login (expect: success)
2026-06-04 13:01:34.451 [main] INFO  com.orangehrm.pages.BasePage - 📌 Điều hướng đến module Admin
2026-06-04 13:01:47.519 [main] INFO  com.orangehrm.listeners.TestListener - ▶️ Bắt đầu test: [tc_Admin_002_systemUsersListDisplayed]
2026-06-04 13:01:47.522 [main] INFO  com.orangehrm.tests.BaseTest - 📋 Kiểm tra danh sách người dùng
2026-06-04 13:01:47.549 [main] INFO  com.orangehrm.tests.BaseTest - 📋 Xác nhận có ít nhất 1 người dùng (Admin)
2026-06-04 13:01:47.549 [main] INFO  com.orangehrm.tests.BaseTest - ✅ TC_ADMIN_002 PASSED: Danh sách hiển thị 5 người dùng
2026-06-04 13:01:47.550 [main] INFO  com.orangehrm.listeners.TestListener - ✅ PASSED: [tc_Admin_002_systemUsersListDisplayed] - Thời gian: 0s
2026-06-04 13:01:47.718 [main] INFO  com.orangehrm.utils.DriverManager - ✅ Đã đóng WebDriver
2026-06-04 13:01:47.718 [main] INFO  com.orangehrm.tests.BaseTest - 🧹 Teardown hoàn tất - WebDriver đã đóng
2026-06-04 13:01:47.719 [main] INFO  com.orangehrm.utils.DriverManager - 🚀 Khởi tạo chrome driver (headless=false)
2026-06-04 13:01:48.367 [main] INFO  com.orangehrm.utils.DriverManager - ✅ Khởi tạo driver thành công
2026-06-04 13:01:48.368 [main] INFO  com.orangehrm.tests.BaseTest - 🔧 Setup hoàn tất - WebDriver đã sẵn sàng
2026-06-04 13:01:51.274 [main] INFO  com.orangehrm.pages.BasePage - 🌐 Điều hướng đến: https://opensource-demo.orangehrmlive.com/web/index.php/auth/login
2026-06-04 13:01:53.288 [main] INFO  com.orangehrm.pages.BasePage - 📄 Mở trang đăng nhập OrangeHRM
2026-06-04 13:01:53.382 [main] INFO  com.orangehrm.pages.BasePage - 👤 Nhập username: Admin
2026-06-04 13:01:53.512 [main] INFO  com.orangehrm.pages.BasePage - 🔐 Nhập password
2026-06-04 13:02:04.749 [main] INFO  com.orangehrm.pages.BasePage - 🖱️ Click nút Login (expect: success)
2026-06-04 13:02:15.320 [main] INFO  com.orangehrm.pages.BasePage - 📌 Điều hướng đến module Admin
2026-06-04 13:02:26.281 [main] INFO  com.orangehrm.listeners.TestListener - ▶️ Bắt đầu test: [tc_Admin_003_searchUserByUsername]
2026-06-04 13:02:26.282 [main] INFO  com.orangehrm.tests.BaseTest - 📋 Tìm kiếm người dùng với username 'Admin'
2026-06-04 13:02:41.102 [main] INFO  com.orangehrm.pages.BasePage - 🔍 Tìm kiếm user: Admin
2026-06-04 13:02:41.103 [main] INFO  com.orangehrm.tests.BaseTest - 📋 Xác nhận Admin xuất hiện trong kết quả
2026-06-04 13:02:41.128 [main] INFO  com.orangehrm.tests.BaseTest - ✅ TC_ADMIN_003 PASSED: Tìm thấy người dùng 'Admin'
2026-06-04 13:02:41.129 [main] INFO  com.orangehrm.listeners.TestListener - ✅ PASSED: [tc_Admin_003_searchUserByUsername] - Thời gian: 14s
2026-06-04 13:02:41.338 [main] INFO  com.orangehrm.utils.DriverManager - ✅ Đã đóng WebDriver
2026-06-04 13:02:41.340 [main] INFO  com.orangehrm.tests.BaseTest - 🧹 Teardown hoàn tất - WebDriver đã đóng
2026-06-04 13:02:41.342 [main] INFO  com.orangehrm.utils.DriverManager - 🚀 Khởi tạo chrome driver (headless=false)
2026-06-04 13:02:42.083 [main] INFO  com.orangehrm.utils.DriverManager - ✅ Khởi tạo driver thành công
2026-06-04 13:02:42.083 [main] INFO  com.orangehrm.tests.BaseTest - 🔧 Setup hoàn tất - WebDriver đã sẵn sàng
2026-06-04 13:02:45.858 [main] INFO  com.orangehrm.pages.BasePage - 🌐 Điều hướng đến: https://opensource-demo.orangehrmlive.com/web/index.php/auth/login
2026-06-04 13:02:47.871 [main] INFO  com.orangehrm.pages.BasePage - 📄 Mở trang đăng nhập OrangeHRM
2026-06-04 13:02:47.961 [main] INFO  com.orangehrm.pages.BasePage - 👤 Nhập username: Admin
2026-06-04 13:02:48.055 [main] INFO  com.orangehrm.pages.BasePage - 🔐 Nhập password
2026-06-04 13:02:59.627 [main] INFO  com.orangehrm.pages.BasePage - 🖱️ Click nút Login (expect: success)
2026-06-04 13:03:10.131 [main] INFO  com.orangehrm.pages.BasePage - 📌 Điều hướng đến module Admin
2026-06-04 13:03:21.272 [main] INFO  com.orangehrm.listeners.TestListener - ▶️ Bắt đầu test: [tc_Admin_004_searchNonExistentUser]
2026-06-04 13:03:21.273 [main] INFO  com.orangehrm.tests.BaseTest - 📋 Tìm kiếm username không tồn tại
2026-06-04 13:03:36.068 [main] INFO  com.orangehrm.pages.BasePage - 🔍 Tìm kiếm user: NONEXISTENT_USER_XYZ_1780553001273
2026-06-04 13:03:36.068 [main] INFO  com.orangehrm.tests.BaseTest - 📋 Xác nhận không có kết quả (0 rows)
2026-06-04 13:03:36.089 [main] INFO  com.orangehrm.pages.BasePage - ℹ️ Tìm thấy 6 kết quả
2026-06-04 13:03:36.096 [main] ERROR com.orangehrm.listeners.TestListener - ❌ FAILED: [tc_Admin_004_searchNonExistentUser]
2026-06-04 13:03:36.097 [main] ERROR com.orangehrm.listeners.TestListener -    Lý do: Hệ thống phải không trả về kết quả khi username không tồn tại expected [true] but found [false]
2026-06-04 13:03:36.412 [main] INFO  com.orangehrm.utils.DriverManager - ✅ Đã đóng WebDriver
2026-06-04 13:03:36.412 [main] INFO  com.orangehrm.tests.BaseTest - 🧹 Teardown hoàn tất - WebDriver đã đóng
2026-06-04 13:03:36.413 [main] INFO  com.orangehrm.utils.DriverManager - 🚀 Khởi tạo chrome driver (headless=false)
2026-06-04 13:03:37.101 [main] INFO  com.orangehrm.utils.DriverManager - ✅ Khởi tạo driver thành công
2026-06-04 13:03:37.102 [main] INFO  com.orangehrm.tests.BaseTest - 🔧 Setup hoàn tất - WebDriver đã sẵn sàng
2026-06-04 13:03:40.438 [main] INFO  com.orangehrm.pages.BasePage - 🌐 Điều hướng đến: https://opensource-demo.orangehrmlive.com/web/index.php/auth/login
2026-06-04 13:03:42.445 [main] INFO  com.orangehrm.pages.BasePage - 📄 Mở trang đăng nhập OrangeHRM
2026-06-04 13:03:42.539 [main] INFO  com.orangehrm.pages.BasePage - 👤 Nhập username: Admin
2026-06-04 13:03:42.632 [main] INFO  com.orangehrm.pages.BasePage - 🔐 Nhập password
2026-06-04 13:03:56.922 [main] INFO  com.orangehrm.pages.BasePage - 🖱️ Click nút Login (expect: success)
2026-06-04 13:04:07.432 [main] INFO  com.orangehrm.pages.BasePage - 📌 Điều hướng đến module Admin
2026-06-04 13:04:18.358 [main] INFO  com.orangehrm.listeners.TestListener - ▶️ Bắt đầu test: [tc_Admin_005_resetAdminSearchFilter]
2026-06-04 13:04:18.360 [main] INFO  com.orangehrm.tests.BaseTest - 📋 Tìm kiếm 'Admin' để lọc danh sách
2026-06-04 13:04:33.145 [main] INFO  com.orangehrm.pages.BasePage - 🔍 Tìm kiếm user: Admin
2026-06-04 13:04:37.175 [main] INFO  com.orangehrm.tests.BaseTest - 📋 Reset bộ lọc
2026-06-04 13:04:51.890 [main] INFO  com.orangehrm.tests.BaseTest - 📋 Xác nhận sau reset hiển thị nhiều hơn hoặc bằng khi đang lọc
2026-06-04 13:04:51.891 [main] INFO  com.orangehrm.tests.BaseTest - ✅ TC_ADMIN_005 PASSED: Reset bộ lọc thành công (6 → 7 users)
2026-06-04 13:04:51.892 [main] INFO  com.orangehrm.listeners.TestListener - ✅ PASSED: [tc_Admin_005_resetAdminSearchFilter] - Thời gian: 33s
2026-06-04 13:04:52.022 [main] INFO  com.orangehrm.utils.DriverManager - ✅ Đã đóng WebDriver
2026-06-04 13:04:52.022 [main] INFO  com.orangehrm.tests.BaseTest - 🧹 Teardown hoàn tất - WebDriver đã đóng
2026-06-04 13:04:52.034 [main] INFO  com.orangehrm.listeners.TestListener - ╔════════════════════════════════════════╗
2026-06-04 13:04:52.034 [main] INFO  com.orangehrm.listeners.TestListener - ║           📊 KẾT QUẢ TEST SUITE        ║
2026-06-04 13:04:52.034 [main] INFO  com.orangehrm.listeners.TestListener - ╠════════════════════════════════════════╣
2026-06-04 13:04:52.034 [main] INFO  com.orangehrm.listeners.TestListener - ║  Tổng số test  : {:3d}                   ║
2026-06-04 13:04:52.034 [main] INFO  com.orangehrm.listeners.TestListener - ║  ✅ Passed      : {:3d}                   ║
2026-06-04 13:04:52.034 [main] INFO  com.orangehrm.listeners.TestListener - ║  ❌ Failed      : {:3d}                   ║
2026-06-04 13:04:52.034 [main] INFO  com.orangehrm.listeners.TestListener - ║  ⏭️ Skipped     : {:3d}                   ║
2026-06-04 13:04:52.034 [main] INFO  com.orangehrm.listeners.TestListener - ╚════════════════════════════════════════╝
2026-06-04 13:04:52.245 [main] INFO  com.orangehrm.utils.ExtentReportManager - 📊 Đã xuất báo cáo HTML
2026-06-04 13:06:17.725 [main] INFO  com.orangehrm.listeners.TestListener - ╔════════════════════════════════════════╗
2026-06-04 13:06:17.734 [main] INFO  com.orangehrm.listeners.TestListener - ║  🚀 BẮT ĐẦU TEST SUITE: Surefire test  ║
2026-06-04 13:06:17.735 [main] INFO  com.orangehrm.listeners.TestListener - ╚════════════════════════════════════════╝
2026-06-04 13:06:17.768 [main] INFO  com.orangehrm.utils.ConfigReader - ✅ Đã load cấu hình từ: src/test/resources/config.properties
2026-06-04 13:06:17.769 [main] INFO  com.orangehrm.utils.DriverManager - 🚀 Khởi tạo chrome driver (headless=false)
2026-06-04 13:06:18.939 [main] INFO  com.orangehrm.utils.DriverManager - ✅ Khởi tạo driver thành công
2026-06-04 13:06:18.954 [main] INFO  com.orangehrm.tests.BaseTest - 🔧 Setup hoàn tất - WebDriver đã sẵn sàng
2026-06-04 13:06:52.570 [main] INFO  com.orangehrm.pages.BasePage - 🌐 Điều hướng đến: https://opensource-demo.orangehrmlive.com/web/index.php/auth/login
2026-06-04 13:06:54.584 [main] INFO  com.orangehrm.pages.BasePage - 📄 Mở trang đăng nhập OrangeHRM
2026-06-04 13:07:08.290 [main] INFO  com.orangehrm.pages.BasePage - 👤 Nhập username: Admin
2026-06-04 13:07:08.397 [main] INFO  com.orangehrm.pages.BasePage - 🔐 Nhập password
2026-06-04 13:07:21.940 [main] INFO  com.orangehrm.pages.BasePage - 🖱️ Click nút Login (expect: success)
2026-06-04 13:07:32.536 [main] INFO  com.orangehrm.pages.BasePage - 📌 Điều hướng đến module Admin
2026-06-04 13:07:44.067 [main] INFO  com.orangehrm.listeners.TestListener - ▶️ Bắt đầu test: [tc_Admin_001_accessAdminModule]
2026-06-04 13:07:44.250 [main] INFO  com.orangehrm.utils.ExtentReportManager - 📊 Đã khởi tạo ExtentReports: reports/OrangeHRM_TestReport_20260604_130744.html
2026-06-04 13:07:44.263 [main] INFO  com.orangehrm.tests.BaseTest - 📋 Xác nhận module Admin đã mở
2026-06-04 13:07:44.270 [main] INFO  com.orangehrm.tests.BaseTest - ✅ TC_ADMIN_001 PASSED: Module Admin truy cập thành công
2026-06-04 13:07:44.273 [main] INFO  com.orangehrm.listeners.TestListener - ✅ PASSED: [tc_Admin_001_accessAdminModule] - Thời gian: 0s
2026-06-04 13:07:44.465 [main] INFO  com.orangehrm.utils.DriverManager - ✅ Đã đóng WebDriver
2026-06-04 13:07:44.465 [main] INFO  com.orangehrm.tests.BaseTest - 🧹 Teardown hoàn tất - WebDriver đã đóng
2026-06-04 13:07:44.468 [main] INFO  com.orangehrm.utils.DriverManager - 🚀 Khởi tạo chrome driver (headless=false)
2026-06-04 13:07:45.123 [main] INFO  com.orangehrm.utils.DriverManager - ✅ Khởi tạo driver thành công
2026-06-04 13:07:45.125 [main] INFO  com.orangehrm.tests.BaseTest - 🔧 Setup hoàn tất - WebDriver đã sẵn sàng
2026-06-04 13:07:48.352 [main] INFO  com.orangehrm.pages.BasePage - 🌐 Điều hướng đến: https://opensource-demo.orangehrmlive.com/web/index.php/auth/login
2026-06-04 13:07:50.360 [main] INFO  com.orangehrm.pages.BasePage - 📄 Mở trang đăng nhập OrangeHRM
2026-06-04 13:07:50.485 [main] INFO  com.orangehrm.pages.BasePage - 👤 Nhập username: Admin
2026-06-04 13:07:50.604 [main] INFO  com.orangehrm.pages.BasePage - 🔐 Nhập password
2026-06-04 13:08:01.794 [main] INFO  com.orangehrm.pages.BasePage - 🖱️ Click nút Login (expect: success)
2026-06-04 13:08:12.323 [main] INFO  com.orangehrm.pages.BasePage - 📌 Điều hướng đến module Admin
2026-06-04 13:08:23.314 [main] INFO  com.orangehrm.listeners.TestListener - ▶️ Bắt đầu test: [tc_Admin_002_systemUsersListDisplayed]
2026-06-04 13:08:23.315 [main] INFO  com.orangehrm.tests.BaseTest - 📋 Kiểm tra danh sách người dùng
2026-06-04 13:08:25.349 [main] INFO  com.orangehrm.tests.BaseTest - 📋 Xác nhận có ít nhất 1 người dùng (Admin)
2026-06-04 13:08:25.351 [main] INFO  com.orangehrm.tests.BaseTest - ✅ TC_ADMIN_002 PASSED: Danh sách hiển thị 7 người dùng
2026-06-04 13:08:25.353 [main] INFO  com.orangehrm.listeners.TestListener - ✅ PASSED: [tc_Admin_002_systemUsersListDisplayed] - Thời gian: 2s
2026-06-04 13:08:25.536 [main] INFO  com.orangehrm.utils.DriverManager - ✅ Đã đóng WebDriver
2026-06-04 13:08:25.537 [main] INFO  com.orangehrm.tests.BaseTest - 🧹 Teardown hoàn tất - WebDriver đã đóng
2026-06-04 13:08:25.539 [main] INFO  com.orangehrm.utils.DriverManager - 🚀 Khởi tạo chrome driver (headless=false)
2026-06-04 13:08:26.198 [main] INFO  com.orangehrm.utils.DriverManager - ✅ Khởi tạo driver thành công
2026-06-04 13:08:26.199 [main] INFO  com.orangehrm.tests.BaseTest - 🔧 Setup hoàn tất - WebDriver đã sẵn sàng
2026-06-04 13:08:29.348 [main] INFO  com.orangehrm.pages.BasePage - 🌐 Điều hướng đến: https://opensource-demo.orangehrmlive.com/web/index.php/auth/login
2026-06-04 13:08:31.359 [main] INFO  com.orangehrm.pages.BasePage - 📄 Mở trang đăng nhập OrangeHRM
2026-06-04 13:08:31.460 [main] INFO  com.orangehrm.pages.BasePage - 👤 Nhập username: Admin
2026-06-04 13:08:31.549 [main] INFO  com.orangehrm.pages.BasePage - 🔐 Nhập password
2026-06-04 13:08:42.776 [main] INFO  com.orangehrm.pages.BasePage - 🖱️ Click nút Login (expect: success)
2026-06-04 13:08:54.514 [main] INFO  com.orangehrm.pages.BasePage - 📌 Điều hướng đến module Admin
2026-06-04 13:09:07.149 [main] INFO  com.orangehrm.listeners.TestListener - ▶️ Bắt đầu test: [tc_Admin_003_searchUserByUsername]
2026-06-04 13:09:07.151 [main] INFO  com.orangehrm.tests.BaseTest - 📋 Tìm kiếm người dùng với username 'Admin'
2026-06-04 13:09:27.004 [main] INFO  com.orangehrm.pages.BasePage - 🔍 Tìm kiếm user: Admin
2026-06-04 13:09:27.004 [main] INFO  com.orangehrm.tests.BaseTest - 📋 Xác nhận Admin xuất hiện trong kết quả
2026-06-04 13:09:27.027 [main] INFO  com.orangehrm.tests.BaseTest - ✅ TC_ADMIN_003 PASSED: Tìm thấy người dùng 'Admin'
2026-06-04 13:09:27.027 [main] INFO  com.orangehrm.listeners.TestListener - ✅ PASSED: [tc_Admin_003_searchUserByUsername] - Thời gian: 19s
2026-06-04 13:09:27.223 [main] INFO  com.orangehrm.utils.DriverManager - ✅ Đã đóng WebDriver
2026-06-04 13:09:27.223 [main] INFO  com.orangehrm.tests.BaseTest - 🧹 Teardown hoàn tất - WebDriver đã đóng
2026-06-04 13:09:27.225 [main] INFO  com.orangehrm.utils.DriverManager - 🚀 Khởi tạo chrome driver (headless=false)
2026-06-04 13:09:27.884 [main] INFO  com.orangehrm.utils.DriverManager - ✅ Khởi tạo driver thành công
2026-06-04 13:09:27.884 [main] INFO  com.orangehrm.tests.BaseTest - 🔧 Setup hoàn tất - WebDriver đã sẵn sàng
2026-06-04 13:09:32.718 [main] INFO  com.orangehrm.pages.BasePage - 🌐 Điều hướng đến: https://opensource-demo.orangehrmlive.com/web/index.php/auth/login
2026-06-04 13:09:34.733 [main] INFO  com.orangehrm.pages.BasePage - 📄 Mở trang đăng nhập OrangeHRM
2026-06-04 13:09:34.825 [main] INFO  com.orangehrm.pages.BasePage - 👤 Nhập username: Admin
2026-06-04 13:09:34.914 [main] INFO  com.orangehrm.pages.BasePage - 🔐 Nhập password
2026-06-04 13:09:48.295 [main] INFO  com.orangehrm.pages.BasePage - 🖱️ Click nút Login (expect: success)
2026-06-04 13:09:58.917 [main] INFO  com.orangehrm.pages.BasePage - 📌 Điều hướng đến module Admin
2026-06-04 13:10:10.541 [main] INFO  com.orangehrm.listeners.TestListener - ▶️ Bắt đầu test: [tc_Admin_004_searchNonExistentUser]
2026-06-04 13:10:10.543 [main] INFO  com.orangehrm.tests.BaseTest - 📋 Tìm kiếm username không tồn tại
2026-06-04 13:10:30.896 [main] INFO  com.orangehrm.pages.BasePage - 🔍 Tìm kiếm user: NONEXISTENT_USER_XYZ_1780553410543
2026-06-04 13:10:30.896 [main] INFO  com.orangehrm.tests.BaseTest - 📋 Xác nhận không có kết quả (0 rows)
2026-06-04 13:10:32.929 [main] INFO  com.orangehrm.pages.BasePage - ℹ️ Tìm thấy 7 kết quả
2026-06-04 13:10:32.941 [main] ERROR com.orangehrm.listeners.TestListener - ❌ FAILED: [tc_Admin_004_searchNonExistentUser]
2026-06-04 13:10:32.942 [main] ERROR com.orangehrm.listeners.TestListener -    Lý do: Hệ thống phải không trả về kết quả khi username không tồn tại expected [true] but found [false]
2026-06-04 13:10:33.259 [main] INFO  com.orangehrm.utils.DriverManager - ✅ Đã đóng WebDriver
2026-06-04 13:10:33.259 [main] INFO  com.orangehrm.tests.BaseTest - 🧹 Teardown hoàn tất - WebDriver đã đóng
2026-06-04 13:10:33.261 [main] INFO  com.orangehrm.utils.DriverManager - 🚀 Khởi tạo chrome driver (headless=false)
2026-06-04 13:10:33.898 [main] INFO  com.orangehrm.utils.DriverManager - ✅ Khởi tạo driver thành công
2026-06-04 13:10:33.899 [main] INFO  com.orangehrm.tests.BaseTest - 🔧 Setup hoàn tất - WebDriver đã sẵn sàng
2026-06-04 13:10:37.759 [main] INFO  com.orangehrm.pages.BasePage - 🌐 Điều hướng đến: https://opensource-demo.orangehrmlive.com/web/index.php/auth/login
2026-06-04 13:10:39.771 [main] INFO  com.orangehrm.pages.BasePage - 📄 Mở trang đăng nhập OrangeHRM
2026-06-04 13:10:39.910 [main] INFO  com.orangehrm.pages.BasePage - 👤 Nhập username: Admin
2026-06-04 13:10:40.004 [main] INFO  com.orangehrm.pages.BasePage - 🔐 Nhập password
2026-06-04 13:10:51.313 [main] INFO  com.orangehrm.pages.BasePage - 🖱️ Click nút Login (expect: success)
2026-06-04 13:11:01.847 [main] INFO  com.orangehrm.pages.BasePage - 📌 Điều hướng đến module Admin
2026-06-04 13:11:12.833 [main] INFO  com.orangehrm.listeners.TestListener - ▶️ Bắt đầu test: [tc_Admin_005_resetAdminSearchFilter]
2026-06-04 13:11:12.834 [main] INFO  com.orangehrm.tests.BaseTest - 📋 Tìm kiếm 'Admin' để lọc danh sách
2026-06-04 13:11:31.622 [main] INFO  com.orangehrm.pages.BasePage - 🔍 Tìm kiếm user: Admin
2026-06-04 13:11:41.673 [main] INFO  com.orangehrm.tests.BaseTest - 📋 Reset bộ lọc
2026-06-04 13:12:02.935 [main] INFO  com.orangehrm.tests.BaseTest - 📋 Xác nhận sau reset hiển thị nhiều hơn hoặc bằng khi đang lọc
2026-06-04 13:12:02.936 [main] ERROR com.orangehrm.listeners.TestListener - ❌ FAILED: [tc_Admin_005_resetAdminSearchFilter]
2026-06-04 13:12:02.937 [main] ERROR com.orangehrm.listeners.TestListener -    Lý do: Sau reset phải hiển thị ít nhất bằng số kết quả khi lọc expected [true] but found [false]
2026-06-04 13:12:03.240 [main] INFO  com.orangehrm.utils.DriverManager - ✅ Đã đóng WebDriver
2026-06-04 13:12:03.240 [main] INFO  com.orangehrm.tests.BaseTest - 🧹 Teardown hoàn tất - WebDriver đã đóng
2026-06-04 13:12:03.258 [main] INFO  com.orangehrm.listeners.TestListener - ╔════════════════════════════════════════╗
2026-06-04 13:12:03.259 [main] INFO  com.orangehrm.listeners.TestListener - ║           📊 KẾT QUẢ TEST SUITE        ║
2026-06-04 13:12:03.259 [main] INFO  com.orangehrm.listeners.TestListener - ╠════════════════════════════════════════╣
2026-06-04 13:12:03.259 [main] INFO  com.orangehrm.listeners.TestListener - ║  Tổng số test  : {:3d}                   ║
2026-06-04 13:12:03.259 [main] INFO  com.orangehrm.listeners.TestListener - ║  ✅ Passed      : {:3d}                   ║
2026-06-04 13:12:03.259 [main] INFO  com.orangehrm.listeners.TestListener - ║  ❌ Failed      : {:3d}                   ║
2026-06-04 13:12:03.259 [main] INFO  com.orangehrm.listeners.TestListener - ║  ⏭️ Skipped     : {:3d}                   ║
2026-06-04 13:12:03.259 [main] INFO  com.orangehrm.listeners.TestListener - ╚════════════════════════════════════════╝
2026-06-04 13:12:03.598 [main] INFO  com.orangehrm.utils.ExtentReportManager - 📊 Đã xuất báo cáo HTML
